==> verify lane rust (exit 0)
    Finished `dev` profile [unoptimized + debuginfo] target(s) in 0.22s
    Blocking waiting for file lock on package cache
    Finished `test` profile [unoptimized + debuginfo] target(s) in 0.29s
     Running unittests src/lib.rs (target/debug/deps/baleyg-ac940bfeb5641327)

running 143 tests
test http::dependency_lifecycle_tests::refresh_bursts_admit_one_worker_and_keep_only_latest_generation ... ok
test dependency_rust::budget_tests::declaration_budget_counts_all_owned_text ... ok
test capture::tests::missing_executable_refuses_admission ... ok
test capture::tests::cached_executable_digest_rejects_wrong_path_and_replaced_arc ... ok
test dependency_rust::budget_tests::exhausted_declaration_budget_marks_package_partial_without_storing_text ... ok
test http::exceptional_recovery_tests::independent_shared_reader_process ... ok
test capture::tests::nonregular_or_empty_executable_refuses_admission ... ok
test capture::tests::executable_cutoff_and_stable_source_operation_counts ... ok
test capture::tests::required_inputs_and_uncertain_sources_take_unconditional_hash_path ... ok
test acp::tests::rejects_source_state_before_creating_directories ... ok
test http::live_tests::acp_controlled_errors_are_exact_and_sanitized ... ok
test acp::tests::durable_allowance_binding_and_exhaustion ... ok
test acp::tests::cancellation_kills_descendant_group ... ok
test http::live_tests::live_error_classification_is_allowlisted_and_redacted ... ok
test acp::tests::deleted_or_truncated_ledger_never_resets ... ok
test classes::budget_tests::exhausted_detail_budgets_still_discover_classes_and_duplicate_bindings ... ok
test http::live_tests::outer_http_fence_covers_native_composition_not_durable_payloads ... ok
test acp::tests::process_failure_output_bound_and_private_environment ... ok
test http::exceptional_recovery_tests::failed_worker_never_installs_owner_or_reports_completed ... ok
test http::live_tests::preview_fence_failure_restores_evicted_and_same_id_packets ... ok
test http::live_tests::preview_root_change_after_serialization_discards_packet ... ok
test http::live_tests::question_error_keeps_typed_refusals_and_selection_errors ... ok
test http::exceptional_recovery_tests::cancellation_after_durable_recovery_reports_completed_with_new_owner ... ok
test http::exceptional_recovery_tests::leader_remains_locked_across_worker_result_and_atomic_install ... ok
test http::exceptional_recovery_tests::idle_tick_cannot_drain_request_admitted_after_empty_pending_snapshot ... ok
test http::dependency_lifecycle_tests::dependency_status_whole_response_fence ... ok
test http::live_tests::packet_fence_survives_provider_await_and_takeover ... ok
test http::live_tests::corrupt_selected_cached_source_prevents_live_provider_call ... ok
test http::live_tests::live_response_is_rejected_if_snapshot_changes_during_call ... ok
test http::live_tests::context_exceeded_is_actionable_and_retains_reservation ... ok
test http::live_tests::live_response_is_labeled_and_accounted ... ok
test http::exceptional_recovery_tests::concurrent_posts_queue_two_requests_across_exceptional_recovery ... ok
test http::dependency_lifecycle_tests::stale_generation_cancel_and_revision_never_publish ... ok
test http::live_tests::pinned_packet_conflicts_even_when_provider_fails ... ok
test http::exceptional_recovery_tests::timer_tick_quiesces_protected_select_before_ex_and_fences_injected_tick ... ok
test index_coordinator::tests::reused_leader_session_is_bound_to_its_store_before_capture ... ok
test indexer::line_index_tests::line_index_matches_prefix_scan_on_every_offset ... ok
test indexer::local_classification_tests::declaration_and_cross_file_edges_never_gain_local_permission ... ok
test indexer::local_classification_tests::exported_function_and_rust_tail_changes_still_reject_headers_imports_and_calls ... ok
test indexer::local_classification_tests::frozen_medium_large_mixed_edits_have_proved_local_ast_body_shape ... ignored, AST-only frozen 40-path preflight; never count as benchmark evidence
test indexer::local_classification_tests::length_changing_method_and_function_bodies_are_local_only_with_identical_surface ... ok
test indexer::local_classification_tests::noncallee_return_identifiers_change_only_the_measured_document ... ok
test index_coordinator::tests::reused_leader_is_reverified_after_capture_before_publish ... ok
test indexer_rust::extraction_budget_tests::external_records_are_bounded_but_workspace_extraction_is_unchanged ... ok
test indexer_rust::extraction_budget_tests::external_visits_are_bounded_even_when_records_are_sparse ... ok
test live_jev::tests::deleted_or_truncated_database_never_restores_budget ... ok
test live_jev::tests::independent_processes_share_cap ... ok
test http::exceptional_recovery_tests::multiple_posts_commit_fifo_while_other_process_holds_leader ... ok
test acp::tests::validated_success_invalid_failure_and_shutdown_retain_attempts ... ok
test live_jev::tests::process_reservation_worker ... ok
test live_jev::tests::rejects_insecure_files_and_unknown_schema ... ok
test live_jev::tests::reservation_concurrent_reopen_and_binding ... ok
test index_coordinator::tests::pending_read_refuses_unknown_options_and_daemon_config_does_not_fallback ... ok
test live_jev::tests::simultaneous_initial_open_is_safe ... ok
test live_jev::tests::unlinked_sidecar_metadata_is_safe_but_main_file_stays_strict ... ok
test mcp::catalog::tests::advertised_path_and_basis_patterns_match_contract_cases ... ok
test mcp::catalog::tests::every_reference_closed_and_enums_present ... ok
test mcp::catalog::tests::exact_full_catalog_and_bounds ... ok
test mcp::session::tests::cancel_reuse_stale_completion ... ok
test mcp::session::tests::client_info_title_validation ... ok
test mcp::session::tests::known_tool_wrong_argument_type_is_application_validation ... ok
test mcp::session::tests::legacy_progress_token_integer_boundary_and_recovery ... ok
test mcp::session::tests::normalized_pending_aliases ... ok
test mcp::session::tests::oversized_id_does_not_select_or_register ... ok
test mcp::session::tests::pinned_capability_fields_and_mode_switches ... ok
test mcp::session::tests::validation_and_lifecycle ... ok
test mcp::tests::marker_guard_does_not_repair ... ok
test mcp::tests::root_guard ... ok
test mcp::tools::tests::closed_application_objects_and_pins ... ok
test mcp::tools::tests::exact_envelopes_identity_precedence_and_complete_wire_bound ... ok
test mcp::tools::tests::find_and_inspect_boundaries ... ok
test mcp::tools::tests::marker_verification_error_is_sanitized_and_does_not_repair ... ok
test mcp::tools::tests::source_path_hash_and_line_matrix ... ok
test mcp::wire::tests::canonical_string_id_boundaries_and_aliases ... ok
test mcp::wire::tests::exact_ids ... ok
test mcp::wire::tests::framing_and_recovery ... ok
test mcp::wire::tests::id_boundaries ... ok
test mcp::wire::tests::parse_precedence ... ok
test http::exceptional_recovery_tests::timer_tick_with_independent_shared_reader_defers_without_changing_both_dbs ... ok
test live_jev::tests::cancellation_retains_pending_attempt ... ok
test native_evidence::occurrence_identity_tests::cached_witness_sort_matches_legacy_and_preserves_equal_key_order ... ok
test native_evidence::occurrence_identity_tests::document_version_keeps_occurrence_ids_across_revisions ... ok
test native_evidence::occurrence_identity_tests::failed_precondition_mints_no_occurrence ... ok
test native_evidence::occurrence_identity_tests::native_producer_declares_and_authenticates_an_explicit_empty_inventory ... ok
test http::live_tests::rounded_live_response_warns_and_invalid_response_is_actionable ... ok
test store::rebaseline_fault_tests::canonical_cohort_produced_native_fact_floors ... ignored, resource-gated canonical medium and large produced-index fact floors
test store::rebaseline_fault_tests::canonical_medium_local_update_writes_only_changed_fact_families ... ignored, resource-gated exact canonical medium local-update writer counters
test live_jev::tests::rounded_success_preserves_raw_and_historical_failure_without_refunds ... ok
test index_coordinator::queue_completion_retry_tests::cli_cached_claim_mismatch_fails_closed_instead_of_retrying_forever ... ok
test index_coordinator::tests::coordinator_capture_opens_reads_and_hashes_each_source_once ... ok
test native_evidence::cached_executable_digest_tests::admitted_executable_digest_survives_projection_validation_and_paired_publish ... ok
test store::rebaseline_fault_tests::local_class_catalog_cap_uses_selected_full_revision_symbol_summary ... ok
test live_jev::tests::mock_success_and_failed_responses_are_audited_and_retained ... ok
test index_coordinator::tests::explicit_reconcile_replaces_corruption_without_upgrading_a_reader ... ok
test store::rebaseline_fault_tests::captured_long_call_exceeds_injected_small_graph_cap_and_remains_selectable ... ok
test native_evidence::cached_executable_digest_tests::rejected_extraction_components_cannot_publish_or_mint_occurrences ... ok
test http::normal_post_capture_cancellation_tests::accepted_job_cannot_be_cancelled_and_full_pair_changes_only_after_leader_drains ... ok
test store::rebaseline_fault_tests::captured_sixfold_escaped_source_is_selectable_below_explicit_json_ceiling ... ok
test http::serving_holder_tests::failed_pending_read_keeps_same_id_for_holder_loss_takeover ... ok
test http::serving_holder_tests::verified_holder_needs_no_index_open_and_lost_holder_triggers_takeover ... ok
test index_coordinator::queue_completion_retry_tests::ambiguous_committed_terminal_is_verified_without_republishing_head ... ok
test store::rebaseline_fault_tests::wal_header_without_sidecars_is_not_corruption_authority ... ok
test store::requests::root_failure_tests::exceptional_dispositions_cannot_treat_missing_queue_as_empty ... ok
test store::requests::root_failure_tests::ready_leader_without_accepted_queue_skips_without_creating_db ... ok
test live_jev::tests::invalid_and_empty_packet_never_reserve ... ok
test store::rebaseline_fault_tests::one_byte_over_encoded_source_cap_never_enters_paired_cas ... ok
test acp::tests::nonzero_diagnostics_only_surface_fixed_allowlisted_categories ... ok
test store::requests::root_failure_tests::root_loss_serializes_prior_accept_and_refuses_late_insert_under_writer_lock ... ok
test store::sqlite_schema_race_tests::durable_fallback_classifier_excludes_operational_and_current_corruption_errors ... ok
test index_coordinator::queue_completion_retry_tests::failed_terminal_write_retries_exact_published_head_before_next_fifo_claim ... ok
test store::rebaseline_fault_tests::real_source_above_injected_ancillary_cap_keeps_selected_source_available ... ok
test store::rebaseline_fault_tests::staged_hot_journal_after_validation_refuses_without_deleting_sidecar ... ok
test store::rebaseline_fault_tests::cancellation_at_before_commit_rolls_back_entire_native_class_graph_pair ... ok
test store::sqlite_schema_race_tests::recovery_classifier_separates_corruption_from_operational_storage_errors ... ok
test store::rebaseline_fault_tests::obsolete_metadata_marker_recreates_fresh_pin_and_preserves_requests ... ok
test store::rebaseline_fault_tests::local_writer_counters_exclude_unchanged_occurrence_access ... ok
test store::selected_source_budget_tests::selected_length_guard_precedes_json_and_blob_decode ... ok
test store::sqlite_schema_race_tests::failed_takeover_before_writer_transaction_closes_every_clone ... ok
test store::sqlite_schema_race_tests::changed_metadata_between_admission_and_leader_lock_refuses_before_update ... ok
test store::rebaseline_fault_tests::only_short_or_invalid_magic_headers_request_typed_recreation ... ok
test store::sqlite_schema_race_tests::persisted_scan_classifies_same_size_preserved_mtime_edit_by_ctime ... ok
test store::topology::gc_schema_race_tests::extra_view_after_readonly_open_before_snapshot_never_attests_gc_or_deletion ... ok
test store::rebaseline_fault_tests::private_stage_uses_paired_writer_without_admitting_corrupt_live_evidence ... ok
test index_coordinator::queue_completion_retry_tests::cli_takeover_fast_path_retries_cached_first_completion_before_next_head ... ok
test store::topology::gc_schema_race_tests::root_loss_requires_proven_pathname_change_not_arbitrary_io_failure ... ok
test store::sqlite_schema_race_tests::real_revision_private_recovery_before_commit_error_rolls_back_same_inode ... ok
test store::topology::gc_schema_race_tests::obsolete_orphan_schema_reports_unknown_without_upgrading_or_deleting ... ok
test store::sqlite_schema_race_tests::tree_metadata_applies_no_overlay_before_post_fence ... ok
test store::topology::gc_schema_race_tests::stale_v8_extractor_marker_is_refused_without_gc_writes_or_deletion ... ok
test store::sqlite_schema_race_tests::second_connection_adds_legacy_trigger_after_admission_before_publish_lock ... ok
test store::sqlite_schema_race_tests::response_post_fence_discards_none_and_empty_results ... ok
test index_coordinator::queue_completion_retry_tests::cli_ordinary_drain_retries_cached_completion_without_republishing ... ok
test store::sqlite_schema_race_tests::retained_two_revision_tree_survives_partial_third_publication_rollback ... ok
test store::sqlite_schema_race_tests::direct_response_pre_fence_rejects_root_lock_and_incarnation_changes ... ok
test store::sqlite_schema_race_tests::second_connection_adds_view_after_admission_before_status_and_leader_snapshot ... ok
test store::sqlite_schema_race_tests::response_fences_root_lock_and_error_results_before_release ... ok
test store::rebaseline_fault_tests::large_real_native_pair_cancels_at_before_commit_without_partial_rows ... ok
test store::topology::gc_schema_race_tests::historical_index_orphans_report_only_when_exact_shape_and_root_prove_eligibility ... ok
test store::rebaseline_fault_tests::exceptional_activation_is_atomic_and_keeps_pending_on_ambiguous_failure ... ok
test store::rebaseline_fault_tests::selective_publication_faults_rollback_and_retry_same_expected_pin ... ok
test store::sqlite_schema_race_tests::live_read_reporter_separates_root_storage_corruption_from_operational_errors ... ok
test store::sqlite_schema_race_tests::selected_operational_errors_do_not_latch_but_integrity_failure_closes_clones ... ok
test store::rebaseline_fault_tests::persisted_local_classifier_falls_back_on_affected_uncertainty_not_unrelated_ambiguity ... ok

test result: ok. 140 passed; 0 failed; 3 ignored; 0 measured; 0 filtered out; finished in 24.32s

     Running unittests src/main.rs (target/debug/deps/baleyg-2fd26c0dc601e24f)

running 5 tests
test rust_source_arguments::roots_are_explicit_named_paths_not_commands ... ok
test workspace_defaults::serve_defaults_to_cwd_and_browses_the_index_workspace ... ok
test trusted_toolchain_probe_tests::rejects_workspace_compiler_without_execution ... ok
test session_output_tests::index_output_holds_leader_until_write_finishes ... ok
test trusted_toolchain_probe_tests::trusted_probe_uses_fixed_metadata_arguments ... ok

test result: ok. 5 passed; 0 failed; 0 ignored; 0 measured; 0 filtered out; finished in 0.10s

     Running tests/acp_http.rs (target/debug/deps/acp_http-87c88ad0abfb0ec7)

running 8 tests
test routes_keep_auth_host_and_origin_guards ... ok
test body_overrides_invalid_shapes_and_size_are_rejected_without_reservation ... ok
test stale_preflight_does_not_reserve ... ok
test disabled_and_missing_are_safe ... ok
test success_is_labeled_and_allowance_is_separate_and_retained ... ok
test invalid_answer_and_provider_errors_are_sanitized ... ok
test stale_success_and_failure_are_rejected_after_process ... ok
test controlled_process_diagnostics_are_actionable_but_never_echo_output ... ok

test result: ok. 8 passed; 0 failed; 0 ignored; 0 measured; 0 filtered out; finished in 3.15s

     Running tests/anchors.rs (target/debug/deps/anchors-6fb3f389c6c8957e)

running 9 tests
test invalid_cross_revision_witness_is_rejected ... ok
test ordered_failure_precedence ... ok
test invalid_document_revision_and_continuity_associations_fail_closed ... ok
test worked_audit_vectors ... ok
test full_ordered_group_vectors_and_golden_fixture ... ok
test generated_semantic_contract_anchors_are_the_rust_golden ... ok
test authored_semantic_contract_cases_execute_through_production_audit ... ok
test capture_from_native_snapshot_includes_unnamed_and_ignores_live_source_edits ... ok
test production_duplicate_cross_revision_is_never_inferred_unchanged ... ok

test result: ok. 9 passed; 0 failed; 0 ignored; 0 measured; 0 filtered out; finished in 0.32s

     Running tests/answer.rs (target/debug/deps/answer-aeb25d0f60d6602b)

running 10 tests
test rejects_blank_evidence_and_bounds_each_unverified_limitation ... ok
test enforces_answer_cardinality_and_byte_limits ... ok
test rejects_stale_mutated_packets_and_strict_schema_violations ... ok
test prompt_keeps_pair ... ok
test valid_answer_roundtrips_plain_text_and_branch_citations ... ok
test prompt_preserves_full_graph_and_each_complete_source_once ... ok
test rejects_bad_paths_quotes_and_ranges ... ok
test unicode_crlf_blank_lines_and_final_newline_coordinates ... ok
test first_question_preview_rejects_same_pin_forged_graph_callee_before_packet_creation ... ok
test oversized_numbered_prompt_fails_instead_of_truncating_complete_source ... ok

test result: ok. 10 passed; 0 failed; 0 ignored; 0 measured; 0 filtered out; finished in 1.21s

     Running tests/behavior.rs (target/debug/deps/behavior-21152b421a34df31)

running 21 tests
test optional_computed_access_does_not_execute_key_unconditionally ... ok
test optional_detection_uses_syntax_not_argument_text ... ok
test malformed_source_and_unsupported_language_fail_soft ... ok
test imports_group_by_module_and_never_infer_instance_types ... ok
test short_circuit_and_ternary_calls_stay_in_guarded_arms ... ok
test logging_in_guards_and_warning_calls_are_retained ... ok
test loops_group_evaluation_without_unrolling ... ok
test external_participant_cap_preserves_every_measured_call ... ok
test effects_and_unresolved_argument_effects_are_never_hidden ... ok
test participant_limit_keeps_source_backed_call_evidence ... ok
test nested_evaluation_precedes_outer_and_callbacks_do_not_run ... ok
test atomic_write_retains_static_paths_and_exact_call_evidence ... ok
test standard_globals_are_identified_without_changing_measured_resolution ... ok
test unsupported_and_optional_chain_fail_closed ... ok
test exits_omit_unreachable_and_guard_remaining_paths ... ok
test for_of_computed_binding_and_destructuring_boundaries ... ok
test bounded_output_and_honest_visual_grouping ... ok
test unsupported_loop_transfers_are_explicit_and_do_return_terminates ... ok
test computed_receiver_order_and_finally_completion ... ok
test import_shadowing_mutation_and_computed_members_fail_closed ... ok
test builtin_identification_respects_lexical_parameters_and_mutations ... ok

test result: ok. 21 passed; 0 failed; 0 ignored; 0 measured; 0 filtered out; finished in 0.60s

     Running tests/browse_http.rs (target/debug/deps/browse_http-e9a10a9a81b303aa)

running 3 tests
test catalog_pages_inline_methods_and_conservative_checks ... ok
test cached_snapshot_is_independent_of_workspace_and_raw_query ... ok
test strict_errors_revisions_and_auth ... ok

test result: ok. 3 passed; 0 failed; 0 ignored; 0 measured; 0 filtered out; finished in 0.73s

     Running tests/class_diagram_http.rs (target/debug/deps/class_diagram_http-14266065c554ddce)

running 30 tests
test incompatible_index_refuses_without_migrating_durable_data ... ok
test hierarchy_oversize_mandatory_evidence_fails_instead_of_stranding_roots ... ok
test hierarchy_edge_caps_are_connected_and_deterministic ... ok
test automatic_hierarchy_is_opt_in_directional_transitive_and_cache_only ... ok
test hierarchy_cycles_deduplicate_and_unknown_bases_stay_terminal_opt_in ... ok
test changed_captured_class_scip_label_recomputes_f_and_new_revision_class_projection ... ok
test one_hop_incoming_methods_terminal_hints_and_cached_only ... ok
test hierarchy_mandatory_paths_reject_total_response_byte_overflow ... ok
test hierarchy_node_search_caps_and_impossible_mandatory_paths_are_explicit ... ok
test selected_class_pages_medium_release_latency ... ignored, release medium cohort: cargo test --release --test class_diagram_http selected_class_pages_medium_release_latency -- --ignored
test hierarchy_precedes_associations_and_reserves_deep_manual_neighbor_bridges ... ok
test projection_bounds_preserve_expansion_roots_edges_and_cycles ... ok
test edge_limit_is_explicit_without_dangling_nodes ... ok
test outgoing_declarations_precede_high_fan_in_before_caps ... ok
test diagram_byte_budget_preserves_expansion_bridges_and_exact_relation_evidence ... ok
test repeated_references_are_grouped_before_caps_with_real_evidence ... ok
test terminal_hints_and_parent_cycles_fail_readably ... ok
test ready_file_extraction_is_persisted_and_selected_http_reads_attest_it ... ok
test selected_class_relation_rows_are_witnessed_by_source_and_graph ... ok
test selected_class_pagination_spans_paths_in_one_revision ... ok
test selected_class_and_symbol_routes_reject_same_pin_graph_call_forgery ... ok
test failed_publication_keeps_projection_atomic_with_graph ... ok
test authentication_strict_requests_revision_and_disconnected_expansion ... ok
test same_pin_selected_graph_declaration_rejected_by_class_and_symbol_routes ... ok
test search_pagination_literal_wildcards_and_supported_languages ... ok
test retained_class_page_and_diagram_are_byte_stable_after_full_rewrite ... ok
test selected_class_pages_and_diagrams_refuse_fk_valid_f_and_class_forgeries ... ok
test normal_size_captured_java_python_cold_oracle_attests_full_published_catalog ... ok
test presentation_byte_budget_clips_members_and_paginates_without_skipping_rows ... ok
test selected_class_json_decode_and_clipping_fail_closed_without_retyping_invalid_requests ... ok

test result: ok. 29 passed; 0 failed; 1 ignored; 0 measured; 0 filtered out; finished in 5.95s

     Running tests/classes.rs (target/debug/deps/classes-9ea988afdac458fa)

running 29 tests
test hand_authored_workspace_cap_boundaries_and_moving_cut ... ok
test production_class_limits_are_fixed_at_decision_0004_values ... ok
test direct_python_methods_keep_measured_ids_including_legacy_function_kind ... ok
test cancellation_and_old_or_unsupported_snapshots_are_safe ... ok
test python_imports_annotations_members_and_nested_classes ... ok
test java_records_interfaces_enums_and_annotations_have_explicit_members_only ... ok
test generic_base_arguments_are_not_additional_inheritance_edges ... ok
test java_members_inheritance_generics_and_nested_classes_are_source_bound ... ok
test java_static_imports_block_wrong_same_package_candidates ... ok
test method_generic_detail_limit_does_not_stop_declarations_or_leak_partial_blockers ... ok
test duplicate_qualified_classes_stay_ambiguous ... ok
test generic_and_namespace_shadowing_also_blocks_dotted_names ... ok
test java_scopes_never_guess_global_names_or_generic_parameters ... ok
test warnings_dedupe_at_100_then_append_ordered_closers ... ok
test java_fully_qualified_and_python_init_relative_imports_are_scoped_candidates ... ok
test class_registry_import_charge_tiny_native_pilot ... ok
test member_clipping_preserves_later_nested_and_duplicate_declaration_registry ... ok
test candidate_limit_never_turns_large_duplicate_sets_into_unique_matches ... ok
test decision_0004_per_file_f_is_independent_of_other_workspace_documents ... ok
test python_nested_classes_preserve_outer_generic_parameter_shadowing ... ok
test recovered_syntax_and_oversized_cached_sources_report_incompleteness ... ok
test python_typing_aliases_do_not_turn_literal_values_or_metadata_into_types ... ok
test python_nested_class_bodies_skip_enclosing_class_namespace_but_bases_do_not ... ok
test python_literal_and_annotated_metadata_are_not_type_links ... ok
test python_relative_imports_cannot_escape_package_root ... ok
test python_shadowing_and_type_parameters_do_not_claim_workspace_targets ... ok
test missing_measured_symbols_and_member_limits_are_explicit ... ok
test cohort72_small_java_python_generated_below_cap ... ok
test tiny_limits_control_measured_names_import_bindings_and_type_parameter_details ... ok

test result: ok. 29 passed; 0 failed; 0 ignored; 0 measured; 0 filtered out; finished in 0.27s

     Running tests/cli.rs (target/debug/deps/cli-31768b4b0028060c)

running 34 tests
test cli_refuses_remote_bind_and_invalid_limits ... ok
test acp_requires_complete_explicit_allowance_flags ... ok
test external_destinations_are_rejected_before_git_marker_creation ... ok
test forget_yes_refuses_unknown_sqlite_schema_without_removing_state ... ok
test live_jev_requires_paired_explicit_budget_flags ... ok
test forget_cli_requires_confirmation_and_preserves_unrelated_state ... ok
test readiness_stderr_category_never_copies_secret_or_temp_path ... ok
test private_readiness_report_is_mode_600_bounded_and_never_copies_raw_stderr ... ok
test overlapping_git_workspace_refuses_before_marker_or_managed_entries ... ok
test malformed_jev_environment_never_echoes_credential_bytes ... ok
test live_jev_missing_key_fails_without_creating_budget ... ok
test cli_helper_uses_isolated_home_instead_of_inherited_xdg_roots ... ok
test gc_report_without_workspace_does_not_create_state ... ok
test fixed_locations_and_removed_flag ... ok
test index_forwards_pair_and_reports_pair ... ok
test index_process_holds_leader_while_stdout_is_blocked ... ok
test export_path_refusals ... ok
test standalone_read_refuses_legacy_relative_recorded_presentation_options ... ok
test serve_ingress_persists_relative_presentation_paths_before_cross_cwd_takeover ... ok
test corrupted_daemon_startup_uses_configured_options_and_does_not_fallback_when_busy ... ok
test cli_index_diagnostics_are_opt_in_without_changing_publication ... ok
test explicit_cli_index_recreates_corruption_but_bounded_reads_refuse_unknown_options ... ok
test standalone_takeover_keeps_configured_missing_presentation_absent ... ok
test status_only_observes_existing_index_and_refuses_busy_without_writes ... ok
test current_commands_pair_matrix ... ok
test standalone_takeover_replays_original_relative_presentation_from_another_cwd ... ok
test gc_cli_reports_multiple_indexes_in_sorted_order ... ok
test cli_round_trip_uses_persistent_store_and_never_executes_workspace ... ok
test optional_captured_scip_changes_presentation_without_native_identity_or_full_rewrite_breakage ... ok
test standalone_takeover_reuses_recorded_nondefault_file_cap ... ok
test saved_items_real_index_matrix ... ok
test unchanged_serve_reuses_selected_versions_but_changed_bytes_and_corruption_do_not ... ok
test real_daemon_post_capture_failure_preserves_pair_source_graph_and_cached_packet ... ok
test real_cli_and_authenticated_daemon_share_native_pair_for_every_language_and_empty_root ... ok

test result: ok. 34 passed; 0 failed; 0 ignored; 0 measured; 0 filtered out; finished in 7.19s

     Running tests/dependencies.rs (target/debug/deps/dependencies-d476adbf91f0744b)

running 19 tests
test local_catalog_smoke ... ignored, explicit local-source smoke; uses only configured roots
test absent_manifest_returns_explicit_unsupported_catalog ... ok
test cancellation_stops_build ... ok
test lock_paths_cannot_select_arbitrary_nested_cache_files ... ok
test identity_and_alias_amplification_is_bounded ... ok
test missing_lock_does_not_scan_cache_or_guess_version ... ok
test unsupported_registry_and_config_fail_closed ... ok
test package_discovery_bound_is_explicit ... ok
test duplicate_registry_candidates_are_ambiguous ... ok
test workspace_paths_allowed_but_parent_paths_blocked ... ok
test standard_library_prioritized_and_unavailable_explicit ... ok
test oversized_and_excluded_sources_are_honest ... ok
test source_capability_pins_original_root_after_root_replacement ... ok
test exact_locked_candidates_aliases_and_separate_sources ... ok
test symlink_package_manifest_and_sources_never_followed ... ok
test source_hash_and_catalog_identity_change_with_bytes_and_revision ... ok
test per_package_symbol_bound_prioritizes_types_and_continues_other_packages ... ok
test metadata_byte_budget_does_not_select_unsearched_cache_match ... ok
test per_package_file_bound_is_partial ... ok

test result: ok. 18 passed; 0 failed; 1 ignored; 0 measured; 0 filtered out; finished in 0.10s

     Running tests/dependency_declarations.rs (target/debug/deps/dependency_declarations-86f97f08fd9732af)

running 16 tests
test bounds_external_crate_names_and_source_metadata_before_per_symbol_allocation ... ok
test malformed_rust_marks_the_catalog_partial ... ok
test skips_nested_declarations_in_all_behavior_and_macro_bodies ... ok
test overflowing_owner_and_impl_names_skip_methods_and_preserve_following_items ... ok
test ranges_preserve_utf8_byte_offsets_and_line_positions ... ok
test handles_trait_signatures_associated_types_and_foreign_declarations ... ok
test bounds_signature_bytes_on_utf8_boundaries_and_source_size ... ok
test overflowing_lexical_scope_skips_subtree_without_fabricating_truncated_paths ... ok
test warns_on_cfg_paths_and_reexports_without_following_or_evaluating_them ... ok
test package_source_path_and_span_all_contribute_to_ids ... ok
test extracts_lexical_declarations_and_keeps_impl_distinct_from_types ... ok
test source_layout_and_inline_module_paths_are_only_syntax_candidates ... ok
test bounds_declaration_count_and_retains_explicit_partial_warning ... ok
test huge_module_name_does_not_multiply_source_text_across_children ... ok
test bounds_depth_and_ast_visits_without_visiting_expression_trees ... ok
test large_function_body_does_not_consume_declaration_walk_budget ... ok

test result: ok. 16 passed; 0 failed; 0 ignored; 0 measured; 0 filtered out; finished in 0.07s

     Running tests/dependency_http.rs (target/debug/deps/dependency_http-00685f508accac96)

running 8 tests
test all_dependency_endpoints_require_auth_host_and_origin ... ok
test sources_keep_pinned_roots_and_reject_symlink_replacement ... ok
test successful_workspace_index_automatically_rebuilds_catalog ... ok
test request_validation_and_capability_only_access ... ok
test disabled_and_shutdown_do_not_launch_catalog_work ... ok
test startup_catalog_is_separate_paged_and_source_is_explicit ... ok
test source_hash_and_workspace_revision_reject_stale_reads ... ok
test workspace_generation_reuse ... ok

test result: ok. 8 passed; 0 failed; 0 ignored; 0 measured; 0 filtered out; finished in 2.41s

     Running tests/dependency_links.rs (target/debug/deps/dependency_links-f9451ac676449f82)

running 16 tests
test exact_path_adds_terminal_type_and_preserves_all_measured_evidence ... ok
test macros_are_opaque_not_apparent_binding_sources ... ok
test participant_cap_retains_original_target_on_overflow ... ok
test actual_acp_cached_source_links_constructor_but_never_infers_open_receiver ... ok
test shared_package_alias_is_ambiguous_even_when_one_version_has_no_type ... ok
test cargo_alias_maps_to_declared_crate_prefix_not_package_name ... ok
test fluent_chain_children_are_visited_but_return_types_and_receivers_are_unknown ... ok
test transitive_crate_names_and_renamed_package_names_are_not_call_prefixes ... ok
test stale_revision_non_rust_wrong_source_and_oversized_source_do_nothing ... ok
test duplicate_declarations_and_package_versions_are_ambiguous ... ok
test plain_and_group_imports_are_explicit_syntax_candidates ... ok
test candidate_terminal_id_cannot_be_used_as_workspace_sequence_root ... ok
test workspace_paths_and_bare_names_are_not_global_matches ... ok
test globs_in_sibling_scopes_do_not_hide_candidate_but_enclosing_globs_do ... ok
test only_type_declarations_and_non_resolved_calls_are_candidates ... ok
test known_bindings_modules_aliases_and_renamed_imports_block_candidates ... ok

test result: ok. 16 passed; 0 failed; 0 ignored; 0 measured; 0 filtered out; finished in 0.45s

     Running tests/file_tree.rs (target/debug/deps/file_tree-07b0f623e1455c3c)

running 3 tests
test shallow_metadata_sorted_pages_and_validation ... ok
test symlinks_are_metadata_never_traversed_even_after_rename ... ok
test scan_is_bounded_and_explicit ... ok

test result: ok. 3 passed; 0 failed; 0 ignored; 0 measured; 0 filtered out; finished in 0.57s

     Running tests/file_tree_http.rs (target/debug/deps/file_tree_http-9c2c150a718c18c4)

running 4 tests
test symlink_listing_and_intermediate_escape_rejected ... ok
test cwd_metadata_maps_nested_index_without_content_or_mutation ... ok
test reasons_distinguish_languages_pending_files_and_workspace_boundary ... ok
test paths_errors_auth_and_guards ... ok

test result: ok. 4 passed; 0 failed; 0 ignored; 0 measured; 0 filtered out; finished in 0.47s

     Running tests/gc_record_report.rs (target/debug/deps/gc_record_report-3251080a471ba6ac)

running 5 tests
test leave_hot_journal_child ... ok
test incomplete_record_does_not_hide_valid_peer_or_create_missing_lock ... ok
test symlink_record_directory_never_probes_outside_with_or_without_database ... ok
test hostile_path_text_and_non_utf8_entries_cannot_spoof_status_or_abort_inventory ... ok
test report_continues_past_busy_and_hot_journal_records_without_writes ... ok

test result: ok. 5 passed; 0 failed; 0 ignored; 0 measured; 0 filtered out; finished in 0.08s

     Running tests/http.rs (target/debug/deps/http-961eddf4a581e8ed)

running 14 tests
test token_security ... ok
test rejects_bad_startup ... ok
test local_design_assets_preserve_same_origin_guards ... ok
test guards_public_and_private ... ok
test validation_and_limit ... ok
test dependency_status_whole_response_fence ... ok
test jobs_publish_and_cancel ... ok
test explicit_recovery_releases_only_daemon_old_owner_and_retries_after_foreign_reader ... ok
test source_is_snapshot_and_revision_checked ... ok
test index_request_without_startup_session_takes_over_after_ack ... ok
test queued_request_is_durable_and_non_cancellable_during_lock_contention ... ok
test explicit_recovery_without_startup_owner_rejects_pin_then_installs_same_new_leader ... ok
test live_control_corruption_returns_typed_503_and_hard_latches_clones ... ok
test active_job_cancellation_does_not_publish ... ok

test result: ok. 14 passed; 0 failed; 0 ignored; 0 measured; 0 filtered out; finished in 3.59s

     Running tests/identity.rs (target/debug/deps/identity-a686a9dee19733f6)

running 3 tests
test class_field_calls_keep_measured_declaration_owners_without_execution_claims ... ok
test injected_sql_failure_after_insert_preserves_previous_revision ... ok
test real_syntax_rename_orphans_notes_and_cached_graph_preserves_call_order ... ok

test result: ok. 3 passed; 0 failed; 0 ignored; 0 measured; 0 filtered out; finished in 0.34s

     Running tests/index_atomic.rs (target/debug/deps/index_atomic-7087732b6d7f2537)

running 37 tests
test canonical_medium_java_prefix_literal_local_matches_independent_cold_and_retains_old_pin ... ignored, pinned medium Cmedium0000 Java prefix insertion requires two cold indices; run explicitly
test failed_stage_does_not_publish_or_leave_its_temp_file ... ok
test crash_left_partial_stage_is_not_published_or_mistaken_for_the_index ... ok
test captured_java_python_scip_labels_require_unique_measured_names_and_coordinates ... ok
test first_index_is_invisible_until_validated_and_synced ... ok
test exceptional_format_is_typed_deferred_refusal_without_file_mutation ... ok
test failed_capture_leaves_existing_index_revision_unchanged ... ok
test captured_scip_document_cutoff_refuses_optional_java_python_and_javascript_labels ... ok
test drift_refusal_preserves_populated_store_pair_and_graph ... ok
test full_reconcile_replaces_persisted_source_and_input_inventory ... ok
test live_root_mismatch_precedes_typed_control_corruption_without_latching ... ok
test full_scan_detects_same_size_preserved_mtime_edit_through_persisted_ctime ... ok
test bounded_control_decode_rebuilds_and_failed_attempt_stays_closed ... ok
test preexisting_corrupt_index_is_not_reinitialized ... ok
test additive_producer_binding_keeps_same_generation_legacy_pin_and_queue ... ok
test live_stats_recovery_cancel_then_success_preserves_inode_and_rotates_pin ... ok
test live_structural_inventory_and_control_first_reads_fail_closed ... ok
test published_v8_missing_reconcile_options_never_looks_like_a_bootstrap ... ok
test metadata_real_revision_uses_private_witness_and_recovers_same_inode ... ok
test live_control_corruption_status_first_is_typed_and_clone_shared ... ok
test truncated_stage_is_rejected_before_publication ... ok
test published_sqlite_header_with_missing_pages_refuses_reads_until_explicit_recovery ... ok
test coordinator_rejects_drift_cancel_and_stale_pair_without_partial_publication ... ok
test v8_bootstrap_admits_only_empty_unpublished_evidence ... ok
test live_control_decode_corruption_latches_direct_reads_and_control_clones ... ok
test reconcile_matches_fresh_full_snapshot_after_add_edit_delete_rename_and_ignore_change ... ok
test selected_projection_rebuild_is_same_inode_and_clears_clones_only_after_commit ... ok
test same_source_new_scip_label_reuses_native_and_reprojects_presentation_at_pinned_revisions ... ok
test exported_javascript_and_bare_rust_tail_local_match_independent_cold ... ok
test new_producer_binding_refuses_unilateral_executable_header_and_binding_tamper ... ok
test current_v8_inventory_validation_rejects_missing_unknown_and_unsupported_state ... ok
test parse_error_retained_pin_matches_independent_cold_and_advisory_uses_exact_token ... ok
test extractor_and_typed_mismatch_rebuild_in_place_and_failed_rebuild_stays_closed ... ok
test local_reuse_trusts_validated_head_but_selected_reads_refuse_sql_forgery ... ok
test private_metadata_witness_distinguishes_nul_real_and_multichunk_blob ... ok
test selected_projection_json_failures_latch_only_selected_reads ... ok
test document_local_delta_and_cross_file_fallback_match_independent_cold_publications ... ok

test result: ok. 36 passed; 0 failed; 1 ignored; 0 measured; 0 filtered out; finished in 10.38s

     Running tests/indexer.rs (target/debug/deps/indexer-d1e93e56834a201a)

running 32 tests
test hard_linked_nonsource_inputs_share_immutable_bytes ... ok
test graph_ids_and_ranges_are_exact_native_artifact_projection ... ok
test direct_symlink_artifacts_and_config_are_never_read ... ok
test initializer_calls_keep_executable_owner_and_control_guard_in_four_languages ... ok
test java_python_discovery_respects_ignored_environments_and_source_symlinks ... ok
test discovery_ignores_secrets_builds_and_symlinks ... ok
test conventional_java_source_packages_are_not_confused_with_build_outputs ... ok
test declaration_ids_survive_body_only_change_but_calls_are_revision_local ... ok
test native_null_callee_spelling_remains_explicit_json_null ... ok
test measured_callees_are_terminal_not_targets ... ok
test cancellation_and_size_limits ... ok
test nested_calls_have_unique_ids_and_parse_errors_are_visible ... ok
test old_lexical_callsite_fields_are_rejected_on_deserialization ... ok
test admitted_body_edit_measures_only_changed_document_not_unrelated_lookup_owners ... ok
test python_assignment_rhs_calls_remain_owned_by_enclosing_function ... ok
test full_reuse_fingerprint_authenticates_bytes_admission_producer_coverage_owner_and_projection ... ok
test rust_impl_and_trait_methods_keep_measured_method_kind_and_free_functions ... ok
test optional_executable_alias_keeps_authenticated_native_role_without_editing_binary ... ok
test pure_fixture_and_determinism ... ok
test root_dependency_drift_changes_native_revision_not_stable_or_occurrence_ids ... ok
test stable_capture_counts_one_open_read_hash_per_source_and_verifies_unchanged ... ok
test captured_optional_labels_are_projection_only_but_admission_or_toolchain_changes_fallback ... ok
test identity_aliases_and_nonregular_sources_fail_admission ... ok
test capture_rejects_absent_present_and_cancellation_but_accepts_empty_root ... ok
test untrusted_display_metadata_never_promotes_graph_edges_or_ids ... ok
test optional_native_input_aliases_force_full_native_fallback ... ok
test scip_label_requires_exact_captured_hash_and_name_token_and_never_supplies_identity ... ok
test declared_inputs_and_root_refuse_cutoff_drift ... ok
test capture_rejects_cutoff_source_and_directory_inventory_drift ... ok
test measured_scip_label_and_cutoff_change_projection_but_not_native_fingerprint ... ok
test four_language_noncallable_native_declarations_keep_exact_kind_and_are_not_executable ... ok
test captured_classifier_falls_back_on_each_unproved_surface_effect ... ok

test result: ok. 32 passed; 0 failed; 0 ignored; 0 measured; 0 filtered out; finished in 0.71s

     Running tests/java_behavior.rs (target/debug/deps/java_behavior-2a977898988eab94)

running 11 tests
test malformed_body_is_not_a_false_linear_trace ... ok
test receiver_arguments_constructor_assignment_order_and_measured_evidence ... ok
test nested_lambda_and_anonymous_bodies_never_execute_at_construction ... ok
test ternary_while_and_break_are_structured_not_flattened ... ok
test exhausted_argument_visit_budget_never_implies_enclosing_invocation ... ok
test explicit_and_compact_constructors_are_navigable ... ok
test branches_returns_throws_and_short_circuit_guard_suffixes ... ok
test for_loops_initialize_once_and_guard_body_updates_and_suffix ... ok
test signatures_and_annotation_defaults_have_no_invocation_body ... ok
test unsupported_control_and_initialization_forms_are_opaque ... ok
test depth_steps_participants_and_wide_inert_work_are_bounded ... ok

test result: ok. 11 passed; 0 failed; 0 ignored; 0 measured; 0 filtered out; finished in 0.50s

     Running tests/java_indexer.rs (target/debug/deps/java_indexer-2b9776378a00960f)

running 3 tests
test recovery_and_cancellation_are_explicit ... ok
test lexical_owners_constructors_lambdas_anonymous_classes_and_utf8 ... ok
test shared_start_call_ids_are_unique_and_publishable ... ok

test result: ok. 3 passed; 0 failed; 0 ignored; 0 measured; 0 filtered out; finished in 0.16s

     Running tests/java_python_http.rs (target/debug/deps/java_python_http-8f87b10d40471370)

running 4 tests
test mixed_catalog_tree_and_lexical_parents_remain_language_neutral ... ok
test declarations_without_bodies_are_navigable_without_fabricated_calls ... ok
test cached_java_python_sequences_keep_measured_calls_after_source_deletion ... ok
test java_python_cached_endpoints_enforce_revision_and_auth ... ok

test result: ok. 4 passed; 0 failed; 0 ignored; 0 measured; 0 filtered out; finished in 0.96s

     Running tests/jev.rs (target/debug/deps/jev-7aed9e601a2b1153)

running 14 tests
test hundredth_rounding_allows_float_noise_without_changing_score ... ok
test lossless_tables_preserve_all_reference_fields_and_nested_region_parents ... ok
test wire_keeps_pair ... ok
test empty_candidate_packet_requires_empty_answers ... ok
test rejects_schema_deviations_and_bad_coverage ... ok
test hundredth_rounding_rejects_larger_and_arbitrary_precision_errors ... ok
test probability_sum_tolerance ... ok
test hundredth_rounding_preserves_labels_and_original_scores ... ok
test display_score_uses_essential_probability_not_confidence_or_label ... ok
test synthetic_response_maps_aliases_back_to_native_ids_for_all_labels ... ok
test request_contains_complete_evidence_once_and_bound_choice_per_call ... ok
test rounding_warnings_count_only_distributions_needing_exception ... ok
test rejects_tampered_packets_and_answers_for_another_question_with_same_calls ... ok
test request_byte_limit_never_truncates_and_counts_utf8 ... ok

test result: ok. 14 passed; 0 failed; 0 ignored; 0 measured; 0 filtered out; finished in 1.94s

     Running tests/live_jev.rs (target/debug/deps/live_jev-eda046226a078b72)

running 1 test
test public_budget_is_serializable_and_provider_is_send_sync ... ok

test result: ok. 1 passed; 0 failed; 0 ignored; 0 measured; 0 filtered out; finished in 0.01s

     Running tests/live_jev_http.rs (target/debug/deps/live_jev_http-acdeecd7fe8a4484)

running 4 tests
test offline_constructor_exposes_disabled_status_and_never_runs ... ok
test new_routes_preserve_security_guards_and_limits ... ok
test imported_rounded_response_adds_warning_only_after_validation ... ok
test enabled_status_exhaustion_and_stale_preflight_are_offline ... ok

test result: ok. 4 passed; 0 failed; 0 ignored; 0 measured; 0 filtered out; finished in 0.75s

     Running tests/mcp_protocol.rs (target/debug/deps/mcp_protocol-6aa0d8529d17e529)

running 13 tests
test eof_and_cancellation_are_silent_for_no_pending_request ... ok
test framing_ids_negotiation_and_application_validation ... ok
test golden_modern_legacy_transcripts ... ok
test legacy_title_recovery_max_id_and_root_selection ... ok
test ordinary_cancellation_and_eof_without_private_race_hook ... ok
test both_modes_full_catalog_tools_and_lifecycle ... ok
test exact_frames_split_utf8_crlf_and_eof ... ok
test golden_tool_envelopes_and_maximum_ids_both_modes ... ok
test unusable_index_sentinels_do_not_change_unavailable_projection_or_get_repaired ... ok
test modern_legacy_client_info_title ... ok
test workspace_selection_startup_side_effects_and_final_identity ... ok
test linked_git_worktrees_get_distinct_selected_markers ... ok
test id_boundaries_binary_both_modes_and_unselected ... ok

test result: ok. 13 passed; 0 failed; 0 ignored; 0 measured; 0 filtered out; finished in 0.74s

     Running tests/native_evidence.rs (target/debug/deps/native_evidence-1fcfa72cf1992121)

running 20 tests
test canonical_controls_are_six_ascii_bytes_and_unicode_is_not_normalized ... ok
test closed_records_reject_unknown_fields_and_fabricated_semantics ... ok
test every_nullable_native_field_requires_presence_even_when_null ... ok
test unicode_lookup_normalizes_without_changing_exact_identity_bytes ... ok
test identity_excludes_body_and_revision_and_occurrence_is_document_version_local ... ok
test unreadable_required_input_fails_closed ... ok
test nonopaque_rust_nesting_retains_fail_closed_depth_guard ... ok
test validation_refuses_cutoff_drift_without_source_reread ... ok
test parser_recovery_reports_partial_not_false_complete ... ok
test unverifiable_expression_keeps_independent_nullable_callee ... ok
test source_grounded_four_language_headers_owners_and_control_regions ... ok
test direct_native_opaque_macro_does_not_overflow_or_invent_calls ... ok
test nested_occurrences_sort_before_hashing_and_unverifiable_callees_remain_nullable ... ok
test every_native_kind_rejects_well_shaped_forgery_against_immutable_capture ... ok
test presentation_inputs_are_recaptured_but_excluded_from_native_revision_identity ... ok
test source_body_only_changes_revision_not_stable_declaration ... ok
test editing_one_document_reidentifies_only_its_own_occurrences ... ok
test four_languages_and_empty_workspace_share_closed_native_memory ... ok
test max_file_bytes_and_previously_absent_required_input_change_native_basis ... ok
test required_inputs_are_rehashed_when_stats_look_unchanged_and_ignore_changes_are_native_config ... ok

test result: ok. 20 passed; 0 failed; 0 ignored; 0 measured; 0 filtered out; finished in 0.07s

     Running tests/native_id_vectors.rs (target/debug/deps/native_id_vectors-11b411182e131243)

running 3 tests
test native_v4_occurrence_changes_only_descriptor_input ... ok
test every_decision_0003_extraction_context_and_occurrence_vector ... ok
test every_normative_stable_id_vector ... ok

test result: ok. 3 passed; 0 failed; 0 ignored; 0 measured; 0 filtered out; finished in 0.00s

     Running tests/native_store.rs (target/debug/deps/native_store-55dad0e6b0a06e15)

running 21 tests
test selected_class_payload_oversize_refuses_before_json_decode ... ok
test empty_workspace_has_native_pair_without_document_rows ... ok
test selected_graph_rows_share_a_source_scoped_aggregate_byte_envelope ... ok
test selected_native_text_total_budget_is_not_count_times_single_row_limit ... ok
test extra_fk_valid_native_declaration_with_new_lookup_key_cannot_escape_source_witness ... ok
test amplified_selected_ancillary_rows_refuse_before_typed_materialization ... ok
test invalid_retained_header_json_refuses_old_pin_without_mutating_sqlite_or_sidecars ... ok
test malformed_and_foreign_release_pins_do_not_write_and_header_gaps_remain_corruption ... ok
test retained_graph_header_preserves_distinct_stats_and_diagnostics_and_matches_live_head_bytes ... ok
test invalid_native_and_conflict_never_change_published_pair ... ok
test direct_native_ranges_regions_and_coverage_reject_selected_sql_edits ... ok
test pinned_graph_call_payload_must_match_native_before_query_and_sequence ... ok
test graph_node_call_and_region_payloads_each_have_predecode_byte_envelope ... ok
test metadata_status_and_selected_source_reads_do_not_conflate_other_documents ... ok
test selected_sources_bind_paired_hash_bytes_and_graph_path_without_pin_change ... ok
test single_oversized_fk_valid_native_child_text_refuses_before_materialization ... ok
test selected_typed_rows_reject_constraint_preserving_sql_forgery_at_same_pin ... ok
test index_from_another_native_producer_version_is_rebuilt_not_served ... ok
test four_languages_normalized_rows_and_pinned_bytes_are_coherent ... ok
test status_many_documents_only_checks_paired_metadata_not_every_blob ... ok
test retained_full_rewrite_pins_survive_edits_delete_release_and_reference_safe_gc ... ok

test result: ok. 21 passed; 0 failed; 0 ignored; 0 measured; 0 filtered out; finished in 4.24s

     Running tests/navigation_http.rs (target/debug/deps/navigation_http-7f3c17f65e86e622)

running 20 tests
test auth_host_origin_are_enforced ... ok
test java_same_class_proof_requires_exact_calls_callers_owners_and_target_syntax ... ok
test java_same_class_row_and_structural_work_limits_are_explicit ... ok
test java_same_class_calls_preserve_overloads_measured_nodes_and_cached_revision ... ok
test java_same_class_does_not_infer_inheritance_or_constructor_callers ... ok
test java_same_class_calls_do_not_cross_receivers_or_lexical_scopes ... ok
test cached_only_source_lines_utf8_and_measured_ranges ... ok
test java_same_class_candidates_exclude_constructors_and_keep_internal_targets ... ok
test ambiguity_preserves_all_cached_candidates_and_unresolved_calls_are_not_guessed ... ok
test java_same_class_multiline_unicode_and_nested_arguments_remain_line_based ... ok
test java_same_class_source_and_response_budgets_fail_closed ... ok
test source_candidate_count_and_huge_cached_text_have_fixed_output_limits ... ok
test exact_members_overloads_shared_fields_and_crossfile_types ... ok
test unsupported_classes_never_become_class_targets_but_methods_remain_measured ... ok
test java_field_envelope_is_exact_across_comments_lines_shared_declarations_and_utf8 ... ok
test cached_java_source_budget_and_unproven_member_shape_do_not_guess ... ok
test retained_navigation_uses_selected_full_rewrite_source_nodes_and_class_projection ... ok
test strict_selectors_validation_and_revision ... ok
test navigation_selected_graph_path_is_authenticated_without_scanning_other_documents ... ok
test schema8_class_corruption_refuses_without_old_projection_guidance ... ok

test result: ok. 20 passed; 0 failed; 0 ignored; 0 measured; 0 filtered out; finished in 4.17s

     Running tests/pins.rs (target/debug/deps/pins-c98d2840173a864f)

running 5 tests
test pin_shape_and_status ... ok
test current_store_producer_matrix ... ok
test store_pinned_read_matrix ... ok
test query_replay_pin_is_checked_in_target_snapshot ... ok
test pair_recreation_cas ... ok

test result: ok. 5 passed; 0 failed; 0 ignored; 0 measured; 0 filtered out; finished in 0.73s

     Running tests/pins_http.rs (target/debug/deps/pins_http-b2ff0f3004f2061b)

running 7 tests
test sqlite_journal_child ... ok
test active_and_hot_journal_keep_pinned_http_safe ... ok
test producer_endpoint_matrix ... ok
test index_admission_and_publication_pair ... ok
test required_endpoint_matrix ... ok
test recreated_index_rejects_old_generation_at_reused_numeric_revision ... ok
test optional_endpoint_matrix ... ok

test result: ok. 7 passed; 0 failed; 0 ignored; 0 measured; 0 filtered out; finished in 1.52s

     Running tests/planning.rs (target/debug/deps/planning-c219057fb1feaf68)

running 13 tests
test strict_requests_and_limits ... ok
test display_scores_rank_membership_but_output_stays_in_source_order ... ok
test exact_coverage_rejects_unknown_duplicate_missing_and_wrong_packet ... ok
test variable_question_packet_is_source_only_not_an_executable_seed ... ok
test display_scores_reject_nonfinite_and_out_of_range_values ... ok
test complete_source_packet_size_limit_errors_without_truncating ... ok
test candidate_limit_reports_incomplete_evidence ... ok
test local_literal_only_uncertainty_and_no_budget_filling ... ok
test assembly_preserves_boundaries_and_never_expands_callbacks ... ok
test packet_snapshot_unique_candidates_complete_source_and_stable_hash ... ok
test direct_default_source_order_budget_and_actual_regions ... ok
test scores_never_promote_lower_labels_or_override_direct_display_policy ... ok
test revision_drift_rejected_snapshot_remains_immutable ... ok

test result: ok. 13 passed; 0 failed; 0 ignored; 0 measured; 0 filtered out; finished in 1.62s

     Running tests/privacy.rs (target/debug/deps/privacy-1021e93b1a0f36bf)

running 1 test
test state_and_databases_are_private_and_symlink_safe ... ok

test result: ok. 1 passed; 0 failed; 0 ignored; 0 measured; 0 filtered out; finished in 0.09s

     Running tests/python_behavior.rs (target/debug/deps/python_behavior-e7f5052ae78fc25c)

running 18 tests
test loop_targets_evaluate_addresses_without_getter_claims ... ok
test plain_nested_definition_binds_without_executing_its_body ... ok
test postponed_nested_async_factory_is_straight_and_body_stays_deferred ... ok
test evaluation_order_source_evidence_and_no_constructor_guess ... ok
test short_circuit_conditional_expression_and_assignment_order ... ok
test loops_keep_conditions_inside_loop_and_transfers_stop_path ... ok
test nested_definitions_class_execution_and_lambda_invocation_are_separate ... ok
test identifier_binding_does_not_relabel_complex_writes ... ok
test class_annotations_remain_inside_class_execution_boundary ... ok
test visit_cutoff_guards_enclosing_invocation_after_omitted_arguments ... ok
test branches_elif_return_and_raise_guard_suffix ... ok
test local_annotations_never_execute_and_valued_targets_keep_assignment_order ... ok
test future_annotations_does_not_change_local_assignment_execution ... ok
test definition_header_shortcuts_are_bounded ... ok
test step_participant_depth_and_width_bounds_are_explicit ... ok
test eager_or_unsupported_definition_headers_keep_continuation_guards ... ok
test unsupported_forms_are_boundaries_not_unconditional_calls ... ok
test only_proven_module_future_header_defers_annotations ... ok

test result: ok. 18 passed; 0 failed; 0 ignored; 0 measured; 0 filtered out; finished in 0.21s

     Running tests/python_indexer.rs (target/debug/deps/python_indexer-54d393157feff13c)

running 2 tests
test recovery_annotations_and_cancellation_are_explicit ... ok
test scopes_defaults_decorators_async_lambdas_utf8_and_publication ... ok

test result: ok. 2 passed; 0 failed; 0 ignored; 0 measured; 0 filtered out; finished in 0.19s

     Running tests/questions_http.rs (target/debug/deps/questions_http-23e0c766ca908641)

running 8 tests
test strict_inputs_guards_and_body_limits_apply_to_question_routes ... ok
test oversized_export_explains_how_to_narrow_without_truncation ... ok
test cached_packet_refuses_changed_selected_graph_call_under_same_pin ... ok
test cached_packet_checks_only_its_selected_source_and_graph_witnesses ... ok
test offline_roundtrip_is_stable_and_preserves_display_policy ... ok
test packet_operation_pair_matrix ... ok
test cache_is_bounded_and_failed_previews_do_not_evict ... ok
test bad_choices_missing_packets_and_stale_revisions_are_client_errors ... ok

test result: ok. 8 passed; 0 failed; 0 ignored; 0 measured; 0 filtered out; finished in 1.99s

     Running tests/requests.rs (target/debug/deps/requests-4d3bab1da61f24f9)

running 18 tests
test queue_hot_journal_child ... ok
test request_rejects_relative_external_input_before_ack ... ok
test hot_journal_rolls_back_before_queue_identity_and_ack ... ok
test request_rejects_symlink_to_captured_workspace ... ok
test concurrent_first_queue_open_is_atomic_and_fifo ... ok
test incompatible_or_corrupt_existing_queue_never_gets_fresh_ack ... ok
test replacement_queue_write_refusal_preserves_old_index_before_ex ... ok
test unchanged_root_with_changed_workspace_marker_cannot_fail_queue_rows ... ok
test root_failure_commit_error_never_authorizes_index_swap ... ok
test replacement_rechecks_old_index_under_ex_before_any_rename ... ok
test live_old_holder_rejects_replaced_same_key_queue_inode ... ok
test old_holder_fails_queued_and_running_rows_after_root_is_moved ... ok
test replacement_follower_never_recreates_deleted_accepted_queue_on_enqueue ... ok
test durable_fifo_and_incarnation_fence ... ok
test replacement_refuses_foreign_index_marker_and_sidecars_without_queue_transition ... ok
test first_cli_takeover_capture_satisfies_fifo_head_once ... ok
test replacement_refuses_missing_or_foreign_queue_without_swapping_index ... ok
test replacement_root_can_accept_while_old_holder_is_live_then_recover_index_only ... ok

test result: ok. 18 passed; 0 failed; 0 ignored; 0 measured; 0 filtered out; finished in 1.12s

     Running tests/rust_behavior.rs (target/debug/deps/rust_behavior-71e63a738d1ff3ac)

running 35 tests
test async_await_and_opaque_bodies_are_honest ... ok
test imported_constructor_is_only_a_source_callee_hint ... ok
test cache_is_sufficient_and_missing_calls_are_not_invented ... ok
test assignment_evaluates_rhs_before_place_and_marks_write ... ok
test depth_limit_is_explicit ... ok
test confirmed_internal_targets_are_not_replaced_by_source_hints ... ok
test dynamic_callees_keep_an_unresolved_boundary_lane ... ok
test if_let_evaluates_value_and_keeps_body_guarded ... ok
test grouping_depth_budget_is_independent_and_keeps_measured_steps ... ok
test chain_arguments_and_unrelated_chains_keep_original_evidence ... ok
test deep_opaque_macro_is_not_traversed_for_grouping ... ok
test bare_use_does_not_guard_runtime_calls ... ok
test branches_and_return_guard_suffix ... ok
test bounds_are_explicit ... ok
test grouping_work_budget_is_independent_and_keeps_measured_steps ... ok
test match_guards_remain_inside_alternatives ... ok
test actual_acp_open_options_chain_is_presentational ... ok
test outer_call_is_omitted_after_unconditional_argument_return ... ok
test real_auth_function_is_supported_from_cached_source ... ok
test nested_calls_keep_evaluation_order_and_evidence ... ok
test method_fixture_covers_larger_guarded_workflow ... ok
test participant_limit_preserves_call_evidence ... ok
test question_mark_guards_arguments_outer_call_and_suffix ... ok
test open_options_chain_and_inert_imports ... ok
test short_circuit_rhs_and_following_effects_are_guarded ... ok
test show_all_does_not_filter_rust_calls ... ok
test source_hint_labels_are_bounded_without_identity_collisions ... ok
test source_hint_limit_degrades_lanes_without_losing_calls_or_groups ... ok
test receiver_names_are_stable_source_groups_not_object_identity ... ok
test try_chain_results_stay_syntactic_and_guards_are_preserved ... ok
test loops_are_not_unrolled_and_return_hides_iteration_tail ... ok
test real_acp_calls_have_source_hints_not_inferred_types ... ok
test all_return_match_and_unconditional_loop_return_omit_suffix ... ok
test unsafe_macro_and_compound_assignment_guard_suffix ... ok
test chain_control_and_opaque_arguments_are_not_hidden ... ok

test result: ok. 35 passed; 0 failed; 0 ignored; 0 measured; 0 filtered out; finished in 0.15s

     Running tests/rust_browse_http.rs (target/debug/deps/rust_browse_http-7505ab30cac9f6a3)

running 1 test
test rust_methods_sequence_and_source_survive_live_file_removal ... ok

test result: ok. 1 passed; 0 failed; 0 ignored; 0 measured; 0 filtered out; finished in 0.37s

     Running tests/rust_indexer.rs (target/debug/deps/rust_indexer-a3b92a98fc5a85de)

running 4 tests
test recovered_rust_retains_syntax_and_cached_source ... ok
test cargo_hash_inputs_and_fresh_scip_do_not_resolve_rust ... ok
test mixed_discovery_exact_ranges_owners_macros_and_utf8 ... ok
test chained_calls_have_unique_range_ids_and_publish ... ok

test result: ok. 4 passed; 0 failed; 0 ignored; 0 measured; 0 filtered out; finished in 0.18s

     Running tests/rust_sources_http.rs (target/debug/deps/rust_sources_http-2ee690054578a833)

running 7 tests
test descriptor_is_pinned_and_exact_size_bound_is_accepted ... ok
test symlinks_and_non_regular_files_are_never_read ... ok
test invalid_paths_unknown_roots_limits_and_parse_warnings ... ok
test old_constructors_have_no_roots_and_configuration_is_validated ... ok
test guards_apply_to_every_external_endpoint ... ok
test candidates_are_separate_and_ranges_match_returned_snapshot ... ok
test extraction_budget_returns_explicit_partial_candidates ... ok

test result: ok. 7 passed; 0 failed; 0 ignored; 0 measured; 0 filtered out; finished in 0.64s

     Running tests/store.rs (target/debug/deps/store-6da946cbd981267e)

running 26 tests
test graph_call_dto_rejects_lexical_proof_fields ... ok
test private_stage_build_is_unpublished_and_cleans_only_its_own_inode ... ok
test incompatible_index_refuses_without_touching_legacy_state ... ok
test durable_storage_io_failure_is_never_converted_to_orphan_success ... ok
test malformed_persisted_anchors_fail_closed_without_an_index ... ok
test partial_v8_bootstrap_never_turns_saved_records_into_index_unavailable ... ok
test refuses_unversioned_existing_index_without_migration ... ok
test null_current_marker_latches_before_durable_orphan_fallback ... ok
test durable_orphan_fallback_does_not_mask_current_index_corruption ... ok
test concurrent_publish_cas_has_one_winner ... ok
test recognized_noncurrent_without_marker_column_is_explicitly_not_ready ... ok
test failed_leader_on_current_root_mismatch_never_enables_durable_orphans ... ok
test delete_reader_pins_snapshot_and_blocks_publish ... ok
test active_delete_journal_allows_prior_pair_or_busy_and_cold_journal_is_sqlite_managed ... ok
test live_current_decode_failure_hard_latches_saved_views ... ok
test saved_reads_without_records_are_conservative_and_write_nothing ... ok
test literal_search_and_snapshot_only_sources ... ok
test safe_cache_unknown_view_blocks_public_status_and_source_until_owner_intervenes ... ok
test cache_loss_never_reuses_revision_tokens_and_sql_enforces_foreign_keys ... ok
test same_path_different_association_is_missing_but_dangling_revision_fails_closed ... ok
test durable_orphans_after_failed_takeover_but_not_current_marker_corruption ... ok
test traversal_cycles_bounds_callbacks_and_boundaries ... ok
test durable_user_data_survives_cache_loss_and_resolves_orphans ... ok
test publication_is_atomic_and_reopens ... ok
test malformed_graph_rolls_back_and_structural_stats_are_recounted ... ok
test removed_or_renamed_anchor_documents_are_missing_without_poisoning_saved_lists ... ok

test result: ok. 26 passed; 0 failed; 0 ignored; 0 measured; 0 filtered out; finished in 3.90s

     Running tests/topology.rs (target/debug/deps/topology-3d7b22dd92635379)

running 61 tests
test durable_creator_child ... ok
test exclusive_recovery_reader_child ... ok
test durable_absent_parent_is_verified ... ok
test external_write_destinations ... ok
test fixed_paths_and_unsafe_components ... ok
test exclusive_deletion_waits_for_shared_process ... ok
test durable_existing_lock_replacement_checks_new_inode_and_holder ... ok
test discovery_matrix ... ok
test durable_incomplete_and_incompatible_refused ... ok
test exceptional_recovery_requires_closed_readers_and_retains_both_lock_inodes ... ok
test exceptional_leader_refuses_missing_or_unsafe_retained_path_without_creation ... ok
test durable_non_git_move_retains_old_record_and_root_row ... ok
test durable_existing_lock_unlink_never_recreates ... ok
test durable_first_creator_process_contention_and_retry ... ok
test implicit_filesystem_root_is_refused ... ok
test implicit_home_child ... ok
test durable_marker_change_refuses_real_operation ... ok
test implicit_home_is_refused_in_isolated_child ... ok
test forget_rechecks_sqlite_schema_after_confirmation ... ok
test every_marker_sync_stage_is_required_for_creator_and_adopter ... ok
test leader_child ... ok
test malformed_anchor_documents_fail_before_persistence ... ok
test marker_child ... ok
test forget_empty_record_and_recovery_sidecars_refuse ... ok
test guard_drop_unlocks_even_when_fork_child_keeps_descriptor ... ok
test durable_annotation_first_commit_fault_and_sync_fault ... ok
test durable_first_save_empty_record_and_payloads ... ok
test path_identity_is_sha256_of_canonical_absolute_root_bytes ... ok
test existing_saved_writers_use_exclusive_lock_and_orphan_sidecars_refuse ... ok
test marker_race_and_durability ... ok
test durable_git_move_and_copy_share_payload_without_rewriting ... ok
test marker_sync_faults_refuse_creator_and_adopter ... ok
test multiprocess_lock_protocol ... ok
test roots_overlapping_fixed_locations_are_refused_before_creation ... ok
test pause_before_incarnation_and_sync_fault ... ok
test shared_holder_child ... ok
test forget_requires_safe_exclusive_record_and_recreates_on_later_save ... ok
test shared_use_cannot_remove_last_and_live_holder_blocks_exclusive ... ok
test saved_anchor_raw_bytes_survive_edits ... ok
test stale_leader_child ... ok
test stale_use_child ... ok
test paused_creator_and_adopter_share_the_single_marker ... ok
test saved_anchor_rejects_target_replacement ... ok
test stale_inode_waiters_reopen_before_success ... ok
test verified_follower_requires_held_matching_leader_inode_and_incarnation ... ok
test persistent_short_and_malformed_markers_remain_unchanged ... ok
test git_marker_matrix ... ok
test suspended_leader_is_not_displaced ... ok
test short_marker_disappearing_or_replaced_at_barrier_is_not_regenerated ... ok
test server_updates_recapture_after_confirmed_delete_and_reject_stale_raw_input ... ok
test saved_anchor_atomic_first_save_and_delete_edit_races ... ok
test view_anchor_raw_bytes_survive_edits ... ok
test forget_refuses_countable_records_with_unknown_sqlite_schema ... ok
test gc_refuses_countable_records_with_missing_durable_columns ... ok
test gc_rejects_dangling_recovery_sidecars_without_writes ... ok
test gc_classifies_current_schema8_but_refuses_spoofed_shapes ... ok
test gc_age_and_record_inventory_are_read_only ... ok
test index_delete_journal_no_wal ... ok
test index_open_and_generation ... ok
test leader_records_open_age_and_follower_preserves_it ... ok
test gc_report_sorts_multiple_derived_records_and_missing_paths ... ok

test result: ok. 61 passed; 0 failed; 0 ignored; 0 measured; 0 filtered out; finished in 0.93s

     Running tests/topology_http.rs (target/debug/deps/topology_http-6154a05082733031)

running 7 tests
test workspace_root_changed ... ok
test schema5_is_not_native_anchor_evidence ... ok
test durable_crud_matrix ... ok
test missing_anchor_document_keeps_authenticated_saved_routes_listable ... ok
test saved_views_and_annotations_attach_to_the_requested_retained_manifest ... ok
test query_optional_pin_matrix ... ok
test saved_read_pin_and_ownership_matrix ... ok

test result: ok. 7 passed; 0 failed; 0 ignored; 0 measured; 0 filtered out; finished in 1.41s

==> verify lane semantic (exit 0)
✔ unique body edit (2.093875ms)
✔ duplicate body edit with proven continuity (0.537584ms)
✔ inserted earlier same-name sibling changes focused header (0.339959ms)
✔ different-header sibling inserted after unique member (0.33525ms)
✔ duplicate count changes (0.822958ms)
✔ same-count duplicate membership unknown (0.36375ms)
✔ same-count duplicate membership changed (0.343875ms)
✔ same-revision duplicate ignores contradictory continuity state (0.247084ms)
✔ missing old identity never name-searches (0.169833ms)
✔ ANCHOR.unique.changedSibling (2.720542ms)
✔ ANCHOR.duplicate.unknown (0.910209ms)
✔ ANCHOR.duplicate.changed (0.487708ms)
✔ ANCHOR.missing.old (0.367291ms)
✔ ANCHOR.continuity.unchangedWithoutEvidence (0.636333ms)
✔ ANCHOR.continuity.unknownWithEvidence (0.308708ms)
✔ ANCHOR.inventory.hash (0.276125ms)
✔ authored source refs materialize only typed slots without computing traversal or rewriting arrays (1.928ms)
✔ failure keeps invalid attempted request and authored error without graph calculation (0.165292ms)
✔ typed answer reference and malformed-slot baseline-to-single-mutation controls (7.332084ms)
✔ AUTHOR.IDS computes native declaration, header and occurrence identities without answers (168.158833ms)
✔ AUTHOR.HASHES prints expected and actual captured bytes without writing expected files (185.642542ms)
✔ AUTHOR.ARGS rejects any generation or arbitrary extra flags (0.359625ms)
✔ COORD.CONVERSION unicode scalar, UTF-16 and UTF-8 on CRLF source (1.008ms)
✔ WITNESS.SPELLING validates separate spelling when calleeRange is null (0.262833ms)
✔ COORD.INVALID_UTF8 rejects malformed exact source bytes (0.067709ms)
✔ COORD.CACHE mutated caller buffers and evicted sources convert afresh (0.44825ms)
✔ source-backed counts: exact read and measured call (89.373583ms)
✔ captured resolved disposition (32.713875ms)
✔ captured provenExternal disposition (33.088125ms)
✔ captured ambiguous disposition (31.223709ms)
✔ captured unresolved disposition (80.227958ms)
✔ unsupported is checked against native source capability (46.666792ms)
✔ callable reference outside callee counts as negative, not a second call (30.355125ms)
✔ unsupported source capability rejects an authored label (30.895375ms)
✔ corpus profile enforces all floors, not only totals (27.277291ms)
✔ draft language corpus skips only count floors; example and draft stay in their own directories (34.761708ms)
✔ exact mutation controls on source-backed native membership and captured dispositions (73.650708ms)
✔ normalizer fixture call candidate (32.034666ms)
✔ category-specific source witnesses and unique scenario anchors (38.862542ms)
✔ captured import usage supports only importsAliases, not callableValues (28.525542ms)
✔ normalized source-backed recursive call has one call and one anchored recursion scenario (32.013625ms)
✔ nested declaration-name anchors use the measured parent, not the focused declaration (34.550541ms)
✔ member-name reference inside a larger measured callee cannot be a callable-value negative (34.994875ms)
✔ UTF-16 callable negative converts to UTF-8 source before comparison (40.504042ms)
✔ two independently captured producers cannot inflate one measured reference (32.877375ms)
✔ same-name overload category requires two independently measured sibling names (28.293583ms)
✔ unicode coordinates require source bytes; ASCII anchors cannot be relabelled (53.030291ms)
✔ coverageFreshness requires an authenticated partial tuple, not a relabelled scenario (30.514ms)
✔ relationshipsDispatch requires a captured dispatch fact, not a reference name (61.981792ms)
✔ captured directed relationship counts once and rejects wrong direction or producer copy (34.542875ms)
✔ source-backed write reference role (20.4685ms)
✔ source-backed type reference role (25.248416ms)
✔ measured declaration site supports definition and alias roles once per reference (21.178125ms)
✔ each independent corpus minimum and each of eight category and five outcome floors (1.195958ms)
✔ captured proof cannot be relabelled to an unrelated fact (37.069291ms)
✔ two captured semantic producers cannot inflate one unsupported source span (38.012166ms)
✔ unsupported copies in UTF-16 and scalar encodings share one source-byte span (31.935ms)
✔ measured same-name Java sibling category does not require a signature heuristic (675.271708ms)
✔ temporary captured Java corpus reaches each exact floor through checkCounts (1235.268125ms)
✔ captured Java corpus checks independently removable role floors (10933.319917ms)
✔ captured Java role dependencies fail before the floor for read and import (1708.812667ms)
✔ integrated captured corpus rejects each count below its exact floor (14109.680208ms)
✔ Java overloads accept distinct signatures but reject unrelated names and containers (1485.80925ms)
✔ second captured producer cannot duplicate a directed edge at the corpus floor (492.4465ms)
✔ example anchor snapshots parse as native JavaScript scripts; duplicate exports fail (172.404209ms)
✔ example source bytes, immutable IDs and per-document occurrences (0.488042ms)
✔ undeclared, unknown, duplicate or unauthenticated extraction inventory fails closed (57.36175ms)
✔ withdrawn occ:v1 rows and v1-derived values are rejected by the occ:v2 checker (14.617334ms)
✔ authored graph answers select latest declaration proofs, never old occurrences (3.703875ms)
✔ six authored anchor branches retain actual source declarations (0.072625ms)
✔ durable anchor order uses captured revision and document without collapsing duplicates (0.199ms)
✔ negative input history-zero/older-r0-fallback fails at GRAPH.PROVENANCE (0.741667ms)
✔ negative input history-unchanged/unreturned-declaration fails at GRAPH.PROVENANCE (1.537208ms)
✔ negative input history-unchanged/foreign-document fails at GRAPH.PROVENANCE (1.43625ms)
✔ negative input history-unchanged/old-call-binding fails at GRAPH.TRAVERSAL (0.986ms)
✔ negative input history-unchanged/old-reference-proof fails at GRAPH.PROVENANCE (1.267916ms)
✔ negative input history-other-producer/Q-proof-in-P-answer fails at GRAPH.PROVENANCE (0.969708ms)
✔ negative input history-unchanged/promoted-r1-proof-as-r2 fails at GRAPH.PROVENANCE (1.134875ms)
✔ negative input history-zero/missing-zero-fact-coverage fails at GRAPH.COVERAGE (0.5455ms)
✔ negative input history-changed/relabelled-stale fails at GRAPH.PROVENANCE (0.980375ms)
✔ negative input history-unchanged/relabelled-possibly-stale fails at GRAPH.PROVENANCE (1.029209ms)
✔ negative input history-foreign/forbidden-coverage-warning fails at WARNING.KEYS (1.087125ms)
✔ complete real fixture check, including source-backed durable anchors (15.374ms)
✔ discovered fixtures are validated from the caller-selected root without a language registry (18.641042ms)
Checking fixture /var/folders/hy/gnjttg5x5_n6tpgxprm02r8w0000gn/T/baleyg-fixture-discovery-jyvPPD/example
✔ runner verifies a valid copied example and does not silently skip it (1740.303375ms)
✔ the committed example publication passes no-write checks (279.176458ms)
Checking fixture /var/folders/hy/gnjttg5x5_n6tpgxprm02r8w0000gn/T/baleyg-fixture-discovery-XjUUKm/example
Checking fixture /var/folders/hy/gnjttg5x5_n6tpgxprm02r8w0000gn/T/baleyg-fixture-discovery-XjUUKm/java
✔ a source-backed Java corpus is discovered and published through the common runner (10815.88425ms)
Checking fixture /var/folders/hy/gnjttg5x5_n6tpgxprm02r8w0000gn/T/baleyg-fixture-discovery-EryjwE/javascript
✔ a copied minimal example cannot evade corpus floors by changing its profile (239.501958ms)
Checking fixture /var/folders/hy/gnjttg5x5_n6tpgxprm02r8w0000gn/T/baleyg-fixture-discovery-wvq6zH/javascript (DRAFT: count floors not enforced)
Checking fixture /var/folders/hy/gnjttg5x5_n6tpgxprm02r8w0000gn/T/baleyg-fixture-discovery-wvq6zH/javascript
✔ a draft language corpus passes every invariant without floors until it is marked corpus (1026.643417ms)
✔ the literal example cannot claim the draft profile (30.667541ms)
✔ discovery rejects unknown directory name with stable assertion and path (47.767041ms)
✔ discovery rejects a corpus descriptor with the wrong language or profile (37.315084ms)
✔ duplicate nested language fixture and absent descriptor are rejected (65.848125ms)
Checking fixture /var/folders/hy/gnjttg5x5_n6tpgxprm02r8w0000gn/T/baleyg-fixture-discovery-7vfn6K/example
✔ absent declared input fails a concrete inventory assertion (119.422084ms)
▶ FORMAT.REGISTRY: every type and every required object field is closed
  ✔ Text (0.575167ms)
  ✔ Language (0.063458ms)
  ✔ UInt (0.048458ms)
  ✔ Hash (0.071334ms)
  ✔ Path (0.100166ms)
  ✔ Range (0.523583ms)
  ✔ Kind (0.05425ms)
  ✔ SyntaxId (0.065792ms)
  ✔ OccurrenceId (0.068917ms)
  ✔ Role (0.083208ms)
  ✔ Resolution (0.047958ms)
  ✔ Producer (0.404833ms)
  ✔ SourceSet (0.223542ms)
  ✔ DocumentKey (0.278541ms)
  ✔ Document (0.337ms)
  ✔ Revision (0.321125ms)
  ✔ Coverage (1.293291ms)
  ✔ SemanticBasis (2.225708ms)
  ✔ Provenance (0.493333ms)
  ✔ Signature (0.186917ms)
  ✔ Key (0.215125ms)
  ✔ Parameter (0.140333ms)
  ✔ Header (0.304583ms)
  ✔ Declaration (0.706875ms)
  ✔ SymbolKey (0.238625ms)
  ✔ Target (0.033625ms)
  ✔ Symbol (0.463291ms)
  ✔ MeasuredAnchor (0.219541ms)
  ✔ Join (0.270708ms)
  ✔ DeclarationBinding (0.477833ms)
  ✔ TypeRelationship (0.315541ms)
  ✔ Call (0.58775ms)
  ✔ ControlRegion (0.572875ms)
  ✔ Reference (1.398167ms)
  ✔ CallBinding (0.518125ms)
  ✔ DurableAnchor (0.332833ms)
  ✔ GroupContinuity (0.175625ms)
  ✔ AnchorResult (0.107709ms)
  ✔ GraphRequest (0.372542ms)
  ✔ GraphNode (0.230833ms)
  ✔ GraphEdge (0.317167ms)
  ✔ Frontier (0.229666ms)
  ✔ Warning (0.155167ms)
  ✔ GraphResult (0.918625ms)
  ✔ Error (0.243667ms)
  ✔ Success (0.161709ms)
  ✔ Failure (0.100625ms)
  ✔ GraphAnswer (0.026333ms)
  ✔ SyntaxDigestInput (0.205375ms)
  ✔ ExtractionContextComponent (0.084708ms)
  ✔ ExtractionContextInput (0.133167ms)
  ✔ OccurrenceDigestInput (0.417167ms)
  ✔ SourceManifestRow (0.149ms)
  ✔ SourceManifestInput (0.026083ms)
  ✔ SiblingGroupInput (0.093834ms)
  ✔ HeaderDigestInput (0.025042ms)
  ✔ PositionRange (0.169166ms)
  ✔ SourceWitness (0.124ms)
  ✔ WitnessEntry (0.138875ms)
  ✔ CapturedDocument (0.206541ms)
  ✔ CapturedRevision (0.297625ms)
  ✔ ComparisonContext (0.156333ms)
  ✔ CaptureFile (0.605042ms)
  ✔ MeasurementSupport (0.148416ms)
  ✔ CoverageIntent (0.223625ms)
  ✔ FixtureV1 (0.779417ms)
  ✔ AnchorSelector (0.350542ms)
  ✔ NativeDeclaration (0.5025ms)
  ✔ NativeCall (0.698458ms)
  ✔ NativeControl (0.374708ms)
  ✔ NativeReference (0.298291ms)
  ✔ NativeArtifact (0.212833ms)
  ✔ IdentityRef (0.055625ms)
  ✔ RecordRef (0.050833ms)
  ✔ TargetRef (0.020959ms)
  ✔ TypeRelationshipFact (0.327875ms)
  ✔ InternalTargetRef (0.139041ms)
  ✔ ReferenceEvidenceTemplate (0.277667ms)
  ✔ ReferenceFact (0.286667ms)
  ✔ DeclarationBindingFact (0.679834ms)
  ✔ CallBindingFact (0.439792ms)
  ✔ SymbolFact (0.217917ms)
  ✔ CoverageFact (0.189167ms)
  ✔ ProvenanceFact (0.185375ms)
  ✔ Fact (0.040417ms)
  ✔ Scenario (0.202458ms)
  ✔ AnnotationFile (0.262416ms)
  ✔ SemanticCapture (0.149167ms)
  ✔ ReferenceJoinDiagnostic (0.196125ms)
  ✔ NonExactReferenceJoin (0.234542ms)
  ✔ ReferenceAnchor (0.266333ms)
  ✔ NormalizedRecordsV1 (1.697167ms)
  ✔ AttemptedGraphRequest (0.44ms)
  ✔ AnswerCase (0.357ms)
  ✔ AnswersInputV1 (0.134125ms)
  ✔ MaterializedAnswerCase (0.348959ms)
  ✔ AnswersV1 (0.123708ms)
  ✔ JoinDisposition (0.165042ms)
  ✔ ResolutionDisposition (0.1725ms)
  ✔ Disposition (0.022541ms)
  ✔ CallableValueNegative (0.244083ms)
  ✔ DispositionsV1 (0.360291ms)
  ✔ AnchorResultTemplate (0.176792ms)
  ✔ AnchorCase (0.297708ms)
  ✔ AnchorCasesV1 (0.114584ms)
  ✔ CategoryCount (0.110917ms)
  ✔ OutcomeCount (0.111333ms)
  ✔ CountsV1 (0.656791ms)
  ✔ FileDigest (0.139125ms)
  ✔ ManifestV1 (0.638916ms)
  ✔ BundleDigestInput (0.24225ms)
  ✔ InputDigestRow (0.1225ms)
  ✔ InputDigestInput (0.022666ms)
  ✔ TargetTemplate (0.026333ms)
  ✔ DeclarationBindingTemplate (0.325291ms)
  ✔ DeclarationBindingEvidenceTemplate (0.089041ms)
  ✔ CallBindingEvidenceTemplate (0.236542ms)
  ✔ CallBindingTemplate (0.461125ms)
  ✔ SymbolTemplate (0.15725ms)
  ✔ GraphRequestTemplate (0.409333ms)
  ✔ GraphNodeTemplate (0.18325ms)
  ✔ GraphEdgeTemplate (0.323041ms)
  ✔ FrontierTemplate (0.349083ms)
  ✔ GraphResultTemplate (0.490333ms)
  ✔ SuccessTemplate (0.129166ms)
  ✔ FailureTemplate (0.087375ms)
  ✔ GraphAnswerTemplate (0.031042ms)
✔ FORMAT.REGISTRY: every type and every required object field is closed (42.561458ms)
✔ FORMAT.UNIONS: every variant has closed fields (0.720708ms)
✔ RELATIONSHIP_FORMAT: explicit and independent relationshipKind for all three values (0.490292ms)
✔ RELATIONSHIP_FORMAT.NESTED: captured relationship facts enforce source and closed enum (1.966916ms)
✔ FORMAT.ENVELOPES: comparison, diagnostics, requested limits and exclusive answers (0.309334ms)
✔ CANONICAL.INTAKE: duplicate-safe strict Unicode and integer tokens (0.891041ms)
✔ FORMAT.POPULATED: all named shapes reject nested omission and unknown keys (386.970375ms)
✔ FORMAT.TYPED_REFS: only declared identity and record slots accept their own refs (0.465959ms)
✔ FORMAT.ENVELOPES.POPULATED: authored and published request policy stays distinct (23.208125ms)
✔ CANONICAL.INTAKE: only JSON whitespace, no BOM, no sparse arrays (0.410917ms)
✔ MUTATION.REGISTRY: baseline is checked before mutation and IDs remain enumerable (0.690333ms)
✔ FORMAT.UNIONS.POPULATED: each nested union variant enforces closed fields (34.632625ms)
✔ FORMAT.SCHEMA_MATRIX: populated alternatives and registered precise negative controls (2399.367833ms)
✔ IDENTITY.ADMISSION verifies source-derived snapshot and independent producers (74.378792ms)
✔ IDENTITY.DIGEST rejects changed capture and unlisted snapshot file (44.594125ms)
✔ IDENTITY.PATH rejects symlink source and traversal (20.031125ms)
✔ DISCOVERY.JAVASCRIPT_COEXISTENCE does not conflate example and corpus (4.281583ms)
✔ IDENTITY.UTF8 rejects malformed authored JSON without replacement decoding (14.431625ms)
✔ IDENTITY.COVERAGE rejects dangling tuples and incomplete support while retaining valid intent (85.654375ms)
✔ IDENTITY.SOURCE_SET and producer descriptors require supported unique admissions (43.128917ms)
✔ IDENTITY.INVENTORY rejects unlisted root files, duplicate annotation and root symlink (48.7085ms)
✔ DISCOVERY.PROFILE rejects forged descriptors and nested fixture routing (14.894584ms)
✔ IDENTITY.COVERAGE excludes Java alias but admits Java definition and JS alias (49.442542ms)
✔ IDENTITY.CHRONOLOGY retains opaque, per-source-set authored order (81.938709ms)
✔ IDENTITY.INVENTORY closes unknown nested inputs while excluding generated bundles (45.056041ms)
✔ IDENTITY.SEMANTIC rejects a proof claiming another captured producer or source bytes (65.633208ms)
✔ IDENTITY.SEMANTIC admits source-derived utf8 relationship (38.332375ms)
✔ IDENTITY.SEMANTIC admits source-derived utf16 relationship (42.177208ms)
✔ IDENTITY.SEMANTIC admits source-derived unicodeScalar relationship (42.025083ms)
✔ IDENTITY.SEMANTIC relationship utf8-split-scalar (55.910041ms)
✔ IDENTITY.SEMANTIC relationship utf16-split-surrogate (50.148125ms)
✔ IDENTITY.SEMANTIC relationship scalar-out-of-bounds (53.129459ms)
✔ IDENTITY.SEMANTIC relationship declaration-boundary (50.305166ms)
✔ IDENTITY.SEMANTIC relationship reversed-name-range (50.113041ms)
✔ IDENTITY.SEMANTIC relationship witness-split-scalar (44.229916ms)
✔ IDENTITY.SEMANTIC relationship witness-out-of-bounds (46.912ms)
✔ IDENTITY.SEMANTIC relationship witness-outside-declaration (55.621917ms)
✔ IDENTITY.SEMANTIC relationship changed-witness-text (51.012667ms)
✔ IDENTITY.SEMANTIC relationship witness-encoding-disagreement (54.825583ms)
✔ IDENTITY.SEMANTIC relationship name-range-disagreement (125.344041ms)
✔ IDENTITY.SEMANTIC relationship different-same-spelled-declaration (490.675833ms)
✔ IDENTITY.SEMANTIC relationship source-ref-mismatch (226.12525ms)
✔ IDENTITY.SEMANTIC relationship source-revision-mismatch (47.045292ms)
✔ IDENTITY.SEMANTIC relationship source-document-mismatch (66.126417ms)
✔ BASIS.* validates each captured descriptor and byte claim before freshness (33.848708ms)
✔ BASIS.RAW_FACT compares captured wrapper fields without depending on JSON key order (29.983542ms)
✔ FRESHNESS.TWO_REVISION_CONTEXT retains r1 proof but compares pinned r2 snapshot (90.671625ms)
✔ FRESHNESS.COMPONENTS requested producer, manifest, toolchain and config cannot borrow capture (182.812417ms)
✔ TARGET_STALENESS.TWO_REVISION_CONTEXT evaluates at the binding revision, not the r2 comparison (224.414083ms)
✔ FRESHNESS.REQUESTED_DESCRIPTOR compares independently without requiring requested executable (195.853833ms)
✔ FRESHNESS.SOURCE_SET treats identical caller bytes on another admitted set as possiblyStale (49.011ms)
✔ BASIS.RAW_FACT rejects missing and contradictory captured semantic proof (73.205833ms)
✔ TARGET_STALENESS verifies the captured declaration; later r2 changes never mark the r1 binding stale (150.262667ms)
✔ BASIS.RAW_RELATIONSHIP binds a separate relationship proof to the captured source (79.13375ms)
✔ IDENTITY.SEMANTIC rejects normalized provenance in raw capture (91.521416ms)
✔ FRESHNESS.COVERAGE keeps partial fresh, complete stale and failed refresh historical (86.499375ms)
✔ graph projection rejects incomplete records rather than silently reusing comparison labels (2.583291ms)
✔ failed refresh selects latest declaration proofs only, plus zero-fact coverage and r2 measured call (1.088375ms)
✔ changed bytes stale, partial earlier coverage warns, omitted alone does not (0.540209ms)
▶ all graph evidence negatives use exact checker controls
  ✔ GRAPH.oldR1Call (0.768208ms)
  ✔ GRAPH.unlinkedProof (0.556791ms)
  ✔ GRAPH.relabelProof (0.503125ms)
  ✔ GRAPH.coverageMissing (0.528334ms)
  ✔ GRAPH.coverageExtra (1.470166ms)
  ✔ GRAPH.coverageOrder (0.606667ms)
  ✔ GRAPH.proofMissing (0.680167ms)
  ✔ GRAPH.proofExtra (0.61825ms)
  ✔ GRAPH.proofOrder (0.606583ms)
✔ all graph evidence negatives use exact checker controls (7.895708ms)
✔ admitted failed/omitted refresh selects source-backed declaration proofs, warning keys and r2 call only (230.613875ms)
▶ captured r2 binding cannot survive a failed or omitted current tuple
  ✔ GRAPH.capturedR2Binding.failed (0.589667ms)
  ✔ GRAPH.capturedR2Binding.omitted (0.368166ms)
✔ captured r2 binding cannot survive a failed or omitted current tuple (103.581583ms)
✔ an admitted r1 graph projects captured r1 proof and target against r1, not comparison r2 (70.558834ms)
✔ a contradictory ambiguous binding group returns every member's proof on its edge (0.432709ms)
✔ real fixture projection at a non-comparison revision fails closed on incomplete records (164.382542ms)
✔ eight hand-authored pinned FIFO, cycle, diamond, callback, depth, node and call cap cases (11.011292ms)
✔ typed request failures preserve pinned order and no fallback (0.244625ms)
✔ failed and omitted r2 keep measured calls as missingEvidence when only r1 call facts exist (1.197042ms)
▶ graph checker negative controls compare exact fields, proof and warning keys
  ✔ GRAPH.authored-edge (1.2295ms)
  ✔ GRAPH.authored-proof (0.727958ms)
  ✔ GRAPH.authored-warning (0.704917ms)
✔ graph checker negative controls compare exact fields, proof and warning keys (3.108791ms)
✔ latest prior tuple selects only captured returned declaration proofs; changed bytes and partial warnings (1.319292ms)
▶ captured chain rejects relabelled and unlinked historical proofs with precise fields
  ✔ GRAPH.history.relabel (0.736333ms)
  ✔ GRAPH.history.unlinked (0.460583ms)
✔ captured chain rejects relabelled and unlinked historical proofs with precise fields (1.505166ms)
✔ captured failed and omitted refresh answers pass the complete graph checker (220.042833ms)
▶ captured current binding: selected complete/partial self-call and failed leaked edge
  ✔ GRAPH.captured.failed-leaked-binding (0.731792ms)
✔ captured current binding: selected complete/partial self-call and failed leaked edge (88.31925ms)
▶ source-backed impossible r2 call facts reject atomically; absence remains a missingEvidence boundary
  ✔ failed tuple with physically present r2 binding (33.085709ms)
  ✔ omitted tuple with physically present r2 binding (27.009667ms)
  ✔ complete read-only tuple cannot carry a call binding (27.273417ms)
  ✔ partial tuple not observing call cannot carry a call binding (33.553458ms)
✔ source-backed impossible r2 call facts reject atomically; absence remains a missingEvidence boundary (133.2815ms)
✔ exact callee binding survives independently unsupported invocation measurement (38.851959ms)
✔ selected partial unsupported non-exact call stays diagnostic-only without observed call (36.581292ms)
✔ captured reference roles must be observed by its selected producer/document tuple (34.690666ms)
✔ finite graph boundaries: cap with no work, defaults, syntax-only, resolution precedence (0.998667ms)
✔ historical tuple and fact selection exclude foreign producer, document, and unreturned declarations (0.288292ms)
▶ graph assembly controls reject old occurrence, promoted and foreign facts, zero fallback and request/frontier drift
  ✔ GRAPH.assembled.old-r1-binding (0.529542ms)
  ✔ GRAPH.assembled.promoted-proof (0.350666ms)
  ✔ GRAPH.assembled.relabelled-proof (1.103959ms)
  ✔ GRAPH.assembled.unlinked-proof (0.374708ms)
  ✔ GRAPH.assembled.unreturned-proof (0.471958ms)
  ✔ GRAPH.assembled.foreign-producer (0.419208ms)
  ✔ GRAPH.assembled.foreign-document (0.416625ms)
  ✔ GRAPH.assembled.zero-fact-older-fallback (0.313791ms)
  ✔ GRAPH.assembled.effective-request (0.309167ms)
  ✔ GRAPH.assembled.frontier (0.853875ms)
✔ graph assembly controls reject old occurrence, promoted and foreign facts, zero fallback and request/frontier drift (5.626792ms)
✔ IDENTITY.VECTORS all 64 full digests, domains and canonical inputs from descriptors (11.624791ms)
✔ IDENTITY.EXTRACTION_CONTEXT Decision 0003 vectors: capture digests, canonical bytes and SHA-256 (0.148667ms)
✔ IDENTITY.OCCURRENCE Decision 0003 occ:v2 vectors byte for byte (0.356583ms)
✔ IDENTITY.OCCURRENCE withdrawn revision-bound occ:v1 input and values are rejected (0.423792ms)
✔ IDENTITY.OCCURRENCE same document, producer and context share an ID; any input change re-identifies (0.246041ms)
✔ IDENTITY.COLLISION retained revisions and distinct full hashes sharing a prefix (0.244125ms)
✔ IDENTITY.ORDINAL immutable document, parent, exact name and signature scopes (0.407542ms)
✔ IDENTITY.MANIFEST pinned empty and populated bytes, sorted and sensitive (0.217334ms)
✔ IDENTITY.CANONICAL every control and closed nested input (0.46825ms)
✔ IDENTITY.OCCURRENCE_ORDINAL owner and kind isolate measured namespaces (0.207125ms)
✔ IDENTITY.ADMISSION verifies source-derived snapshot and independent producers (71.074375ms)
✔ IDENTITY.DIGEST rejects changed capture and unlisted snapshot file (44.887833ms)
✔ IDENTITY.PATH rejects symlink source and traversal (19.840208ms)
✔ DISCOVERY.JAVASCRIPT_COEXISTENCE does not conflate example and corpus (3.823916ms)
✔ IDENTITY.UTF8 rejects malformed authored JSON without replacement decoding (15.440417ms)
✔ IDENTITY.COVERAGE rejects dangling tuples and incomplete support while retaining valid intent (87.2325ms)
✔ IDENTITY.SOURCE_SET and producer descriptors require supported unique admissions (42.784083ms)
✔ IDENTITY.INVENTORY rejects unlisted root files, duplicate annotation and root symlink (49.139208ms)
✔ DISCOVERY.PROFILE rejects forged descriptors and nested fixture routing (15.986208ms)
✔ IDENTITY.COVERAGE excludes Java alias but admits Java definition and JS alias (47.775709ms)
✔ IDENTITY.CHRONOLOGY retains opaque, per-source-set authored order (64.359791ms)
✔ IDENTITY.INVENTORY closes unknown nested inputs while excluding generated bundles (84.937167ms)
✔ IDENTITY.SEMANTIC rejects a proof claiming another captured producer or source bytes (60.915375ms)
✔ IDENTITY.SEMANTIC admits source-derived utf8 relationship (43.201583ms)
✔ IDENTITY.SEMANTIC admits source-derived utf16 relationship (39.913083ms)
✔ IDENTITY.SEMANTIC admits source-derived unicodeScalar relationship (44.977459ms)
✔ IDENTITY.SEMANTIC relationship utf8-split-scalar (50.347292ms)
✔ IDENTITY.SEMANTIC relationship utf16-split-surrogate (47.030292ms)
✔ IDENTITY.SEMANTIC relationship scalar-out-of-bounds (47.411417ms)
✔ IDENTITY.SEMANTIC relationship declaration-boundary (48.944458ms)
✔ IDENTITY.SEMANTIC relationship reversed-name-range (48.343083ms)
✔ IDENTITY.SEMANTIC relationship witness-split-scalar (44.858083ms)
✔ IDENTITY.SEMANTIC relationship witness-out-of-bounds (50.804959ms)
✔ IDENTITY.SEMANTIC relationship witness-outside-declaration (53.857625ms)
✔ IDENTITY.SEMANTIC relationship changed-witness-text (50.62225ms)
✔ IDENTITY.SEMANTIC relationship witness-encoding-disagreement (55.360167ms)
✔ IDENTITY.SEMANTIC relationship name-range-disagreement (307.119166ms)
✔ IDENTITY.SEMANTIC relationship different-same-spelled-declaration (409.379333ms)
✔ IDENTITY.SEMANTIC relationship source-ref-mismatch (131.229125ms)
✔ IDENTITY.SEMANTIC relationship source-revision-mismatch (68.312959ms)
✔ IDENTITY.SEMANTIC relationship source-document-mismatch (196.288917ms)
✔ LOOKUP.LEXICAL decoding and language normalization preserve raw spelling identity (2.659875ms)
✔ ROLE.APPLICABILITY alias is absent in Java and requires definition on declaration (0.168875ms)
✔ LOOKUP and ROLE raw spelling, declaration sites and all language roles (0.69525ms)
✔ NORMALIZE.SOURCE identity and native diagnostic independence (104.135084ms)
✔ NORMALIZE.DUPLICATE owner/kind/range rejected (34.52675ms)
✔ NORMALIZE.OCCURRENCE source-derived call/reference ordinals and exact tuple joins (33.628375ms)
✔ NORMALIZE.CALLEE does not guess a range from the separate spelling witness (39.124458ms)
✔ NORMALIZE.REFERENCE_JOIN non-exact diagnostics do not fabricate reference records (79.122792ms)
✔ NORMALIZE.RELATIONSHIP maps all authored kinds with directed internal source (0.257959ms)
✔ NORMALIZE.JOIN counts distinct measured candidate IDs and exact tuple (71.898625ms)
✔ measured mutation: missing header name (39.0035ms)
✔ measured mutation: duplicate witness (36.102292ms)
✔ measured mutation: changed leaf value (23.1695ms)
✔ measured mutation: name span outside declaration (21.661083ms)
✔ measured mutation: header mismatch (21.799208ms)
✔ measured mutation: anonymous name (20.620167ms)
✔ measured mutation: missing call spelling (19.843083ms)
✔ measured mutation: callee mismatch (22.957709ms)
✔ measured mutation: call outside owner (21.590041ms)
✔ measured mutation: missing reference spelling (22.838709ms)
✔ measured mutation: reference bytes differ (25.365208ms)
✔ measured mutation: bad owner (24.393416ms)
✔ measured mutation: duplicate call location (25.130875ms)
✔ measured mutation: duplicate reference location (25.617833ms)
✔ source leaves include parameter, signature, modifiers, bases, and result type (27.975541ms)
✔ source identity and ordering are deterministic under shuffled rows and nativeId changes (25.199292ms)
✔ control chain requires unique ordered containing regions (24.165834ms)
✔ real measured target() retains all four independent nullable spelling/callee combinations (26.999375ms)
▶ nullable call spelling controls use admitted source and exact logical failures
  ✔ F2.spelling-witness-missing (1.075417ms)
  ✔ F2.authored-spelling-changed (0.772084ms)
  ✔ F2.spelling-witness-encoding (1.064083ms)
  ✔ F2.callee-outside-invocation (0.547458ms)
✔ nullable call spelling controls use admitted source and exact logical failures (27.994958ms)
✔ semantic proof, symbol, declaration binding, relationship, reference, call and maps (62.133208ms)
✔ join matching does not cross owner, family, bytes, revision or producer support (28.278583ms)
✔ same-producer contradictory targets preserve each proof and never change measured join (45.522292ms)
✔ nested source-derived keys and actual Unicode/CRLF byte offsets (45.529708ms)
✔ isolated r1/r2 comparison keeps historical provenance and never rebinds r1 call to r2 (115.806125ms)
✔ all three semantic joins retain non-exact diagnostics without fabricated occurrence or binding (46.609208ms)
✔ all three relationship kinds preserve direction and independent semantic proof on admitted input (49.972875ms)
✔ anchor case must link captured and current revision and a measured current target (30.607333ms)
✔ coverage tuple, state, roles, diagnostics and producer partitions (372.652ms)
✔ two semantic producers retain separate proof and binding partitions on the same measured call (364.247542ms)
✔ unchanged caller with changed target bytes has a possiblyStale proof; v1 staleTarget stays false (119.832542ms)
✔ producer conventions bind native ranges, witnesses and semantic anchors (79.150667ms)
✔ coverage intent requires partial diagnostic for unsupported or missing requested role (23.040166ms)
✔ cross-namespace references and external relationship key cannot shadow valid maps (35.400041ms)
✔ admitted other-source-set measured target needs an external boundary (96.80925ms)
✔ UTF-16 and Unicode scalar producer offsets convert against astral CRLF source (64.306833ms)
✔ coverage requires role-specific measurement families and either call anchor family (112.819542ms)
✔ coverage intent reconciles all six states and unrelated unavailable families (30.884917ms)
✔ source-derived native reference IDs produce a complete ambiguous join diagnostic at the unit seam (35.104625ms)
✔ same-proof same-target duplicates collapse, conflicting non-target fields reject (43.944125ms)
✔ immediate source owner and overload signatures determine nested keys and ordinals (24.156292ms)
✔ equal-name overload ordinals follow measured source order, not native row order (28.043667ms)
✔ publication: independent pristine generations are byte-identical; both check commands never write (1633.968125ms)
✔ publication: admitted native raw order and native IDs do not change semantic IDs (948.051083ms)
✔ publication: changed admitted answer bytes invalidate manifest with zero writes (876.536167ms)
✔ publication: failed compile or bundle write preserves prior valid manifest and bundle (1296.575583ms)
✔ publication: concurrent identical generations both succeed on one immutable bundle (1095.342917ms)
✔ publication: conflicting existing immutable bundle is rejected without replacement (823.476875ms)
✔ publication: published hash changes fail exact hash assertion without writes (666.06825ms)
✔ publication: manifest paths, hashes and canonical bytes are checked without writes (1034.56975ms)
✔ CLI generate and check admit the directory's profile and language, like discovery (27.922625ms)
✔ CLI rejects unknown/duplicate flags, missing values and unknown fixtures (0.348125ms)
✔ publication control: independently edited input rejects the exact manifest (945.73925ms)
✔ loaded exact claims retain full member/proof closure and canonical bytes for one, two and three targets (236.411334ms)
✔ a byte-identical output duplicate is rejected; two distinct admitted proofs cannot collapse (58.993375ms)
✔ all resolution cardinalities, six dispatch classes, producer isolation and nonexact groups (341.709417ms)
✔ historical proof remains linked to r1; a changed r2 target never marks the r1 binding stale (59.257625ms)
✔ two measured revisions close each call, fact, proof and historical group independently (66.958583ms)
✔ admitted target tuples in two documents, source sets and revisions cannot replace the claim (255.901375ms)
✔ two producers keep full separate proof inventories; reassignment merges only their raw claim group (61.415375ms)
✔ source-backed agreeing duplicate claims keep each provenance and agree at normalization/checker boundary (164.006417ms)
✔ source-backed contradictory nonexact targets and mismatched non-target claims fail both boundaries (519.836875ms)
✔ finite loaded binding controls run valid baseline before each one-property mutation (2361.965416ms)
✔ internal and external exact claims resolve to ambiguous Target[] with both proofs (39.9295ms)
✔ admitted target claims reject wrong measured refs and inconsistent contributors (70.279625ms)
▶ source-derived three-producer, two-document, r1/r2 coverage and historical proofs
  ✔ U1.missing-coverage (2.766625ms)
  ✔ U1.extra-coverage (1.719292ms)
  ✔ U1.duplicate-coverage (1.656709ms)
  ✔ U1.swapped-coverage-producer (1.674791ms)
  ✔ U1.swapped-coverage-document (1.546959ms)
  ✔ U1.swapped-coverage-revision (1.555542ms)
  ✔ U1.swapped-coverage-set (1.496958ms)
  ✔ U1.requested-bit (1.230667ms)
  ✔ U1.selected-bit (1.185166ms)
  ✔ U1.diagnostic-bit (1.194375ms)
  ✔ U1.state-bit (1.54025ms)
  ✔ U1.role-order (1.202208ms)
  ✔ U1.role-duplicate (1.395084ms)
  ✔ U1.role-subset (1.432875ms)
  ✔ U1.identity-format (1.075791ms)
  ✔ U1.identity-comparison (1.165667ms)
  ✔ U1.identity-producer (1.186916ms)
  ✔ U1.identity-source-set (1.059875ms)
  ✔ U1.identity-revision (1.040792ms)
  ✔ U1.identity-document-hash (0.887833ms)
  ✔ U1.identity-document-length (0.888791ms)
  ✔ U1.roles-extra-supported (1.289709ms)
  ✔ U1.roles-unsupported-request (1.441292ms)
  ✔ U1.basis-producer-id (1.541917ms)
  ✔ U1.basis-language (1.799ms)
  ✔ U1.basis-source-set (1.34975ms)
  ✔ U1.basis-revision (1.724958ms)
  ✔ U1.basis-version (1.379208ms)
  ✔ U1.basis-producer-hash (1.333084ms)
  ✔ U1.basis-artifact-hash (1.3875ms)
  ✔ U1.basis-manifest (1.278167ms)
  ✔ U1.basis-toolchain (1.631292ms)
  ✔ U1.basis-config (1.21975ms)
  ✔ U1.basis-dependency (1.297708ms)
  ✔ U1.basis-lookup (1.418542ms)
  ✔ U1.fresh-promotion (1.480292ms)
✔ source-derived three-producer, two-document, r1/r2 coverage and historical proofs (122.641334ms)
▶ FRESHNESS.USE keeps captured historical tuple and rejects wrong producer, revision and missing proof
  ✔ U1.use-wrong-producer (0.172667ms)
  ✔ U1.use-wrong-revision (0.06625ms)
  ✔ U1.use-wrong-proof (0.046ms)
  ✔ U1.use-missing-tuple (0.039542ms)
✔ FRESHNESS.USE keeps captured historical tuple and rejects wrong producer, revision and missing proof (31.865083ms)
▶ FRESHNESS.TARGET verifies the captured declaration; v1 staleTarget is false
  ✔ U1.target-true-invalid (0.301083ms)
  ✔ U1.target-missing-captured (0.107917ms)
  ✔ U1.target-wrong-proof (0.077625ms)
✔ FRESHNESS.TARGET verifies the captured declaration; v1 staleTarget is false (29.101208ms)
✔ identical caller bytes with changed revision or manifest are possiblyStale, not fresh (31.173875ms)
✔ captured semantic proof is fresh when every requested component matches (29.127375ms)
▶ requested producer components do not fall back to captured identity
  ✔ absent (40.689792ms)
  ✔ version (42.438084ms)
  ✔ hash (35.192583ms)
  ✔ encoding (37.073416ms)
  ✔ languages (34.982ms)
  ✔ kind (34.324625ms)
✔ requested producer components do not fall back to captured identity (225.390667ms)
▶ role-family support cannot be replaced by a coverage label
  ✔ U1.reference-family-unavailable (1.938208ms)
  ✔ U1.requested-role-swap (1.147958ms)
✔ role-family support cannot be replaced by a coverage label (33.568625ms)
✔ Java alias is inapplicable even when a coverage claim names it (44.647583ms)
▶ captured semantic provenance inventory closes in both directions
  ✔ U1.normalized-proof-omitted (2.03975ms)
  ✔ U1.normalized-proof-conflict (2.034709ms)
✔ captured semantic provenance inventory closes in both directions (49.706958ms)
▶ each admitted top-level identity field and inventory row is independently checked
  ✔ U1.inventory-comparison-set (1.099792ms)
  ✔ U1.inventory-comparison-producers (1.192833ms)
  ✔ U1.inventory-producer-id (0.955625ms)
  ✔ U1.inventory-producer-kind (0.894709ms)
  ✔ U1.inventory-producer-version (1.336542ms)
  ✔ U1.inventory-producer-executableHash (0.810583ms)
  ✔ U1.inventory-producer-languages (0.820833ms)
  ✔ U1.inventory-producer-positionEncoding (0.919166ms)
  ✔ U1.inventory-producer-row (0.951375ms)
  ✔ U1.inventory-source-set-id (1.379917ms)
  ✔ U1.inventory-source-set-rootId (0.860667ms)
  ✔ U1.inventory-source-set-languages (0.826375ms)
  ✔ U1.inventory-source-set-dependencies (0.938416ms)
  ✔ U1.inventory-source-set-row (1.004417ms)
  ✔ U1.inventory-revision-id (1.071791ms)
  ✔ U1.inventory-revision-sourceSetId (0.871292ms)
  ✔ U1.inventory-revision-toolchainHash (0.822916ms)
  ✔ U1.inventory-revision-configHash (0.823ms)
  ✔ U1.inventory-revision-dependencyHash (0.830541ms)
  ✔ U1.inventory-revision-row (1.271625ms)
  ✔ U1.inventory-revision-documents (0.926208ms)
  ✔ U1.inventory-document-key (1.156167ms)
  ✔ U1.inventory-document-revision (0.981709ms)
  ✔ U1.inventory-document-hash (0.925625ms)
  ✔ U1.inventory-document-length (1.094958ms)
✔ each admitted top-level identity field and inventory row is independently checked (69.708666ms)
▶ captured byte sources and digests cannot counterfeit semantic basis
  ✔ U1.capture-executable-byte (2.041458ms)
  ✔ U1.capture-semantic-artifact-byte (1.044875ms)
  ✔ U1.capture-toolchain-byte (1.004709ms)
  ✔ U1.capture-config-byte (1.224834ms)
  ✔ U1.capture-dependency-byte (1.27825ms)
✔ captured byte sources and digests cannot counterfeit semantic basis (76.20875ms)
▶ every captured coverage state resists independent requested, selected, diagnostic and state contradictions
  ✔ U1.state-notRequested-requested (1.335792ms)
  ✔ U1.state-notRequested-selected (1.739167ms)
  ✔ U1.state-notRequested-diagnostic (1.337542ms)
  ✔ U1.state-notRequested-state (1.305792ms)
  ✔ U1.state-omitted-requested (1.002333ms)
  ✔ U1.state-omitted-selected (1.263542ms)
  ✔ U1.state-omitted-diagnostic (1.138291ms)
  ✔ U1.state-omitted-state (1.007625ms)
  ✔ U1.state-unsupported-requested (0.941292ms)
  ✔ U1.state-unsupported-selected (0.933084ms)
  ✔ U1.state-unsupported-diagnostic (1.118625ms)
  ✔ U1.state-unsupported-state (0.903958ms)
  ✔ U1.state-failed-requested (0.890375ms)
  ✔ U1.state-failed-selected (0.890542ms)
  ✔ U1.state-failed-diagnostic (1.327625ms)
  ✔ U1.state-failed-state (1.157166ms)
  ✔ U1.state-partial-requested (0.997333ms)
  ✔ U1.state-partial-selected (0.944584ms)
  ✔ U1.state-partial-diagnostic (1.676042ms)
  ✔ U1.state-partial-state (1.233334ms)
  ✔ U1.state-complete-requested (1.282458ms)
  ✔ U1.state-complete-selected (0.990792ms)
  ✔ U1.state-complete-diagnostic (1.163375ms)
  ✔ U1.state-complete-state (1.001792ms)
✔ every captured coverage state resists independent requested, selected, diagnostic and state contradictions (72.719416ms)
▶ all role families require their own admitted measurement support
  ✔ U1.family-definition-reference (1.437125ms)
  ✔ U1.family-definition-declarationName (0.959875ms)
  ✔ U1.family-read-reference (1.195583ms)
  ✔ U1.family-write-reference (0.902041ms)
  ✔ U1.family-type-reference (0.883834ms)
  ✔ U1.family-import-reference (1.000042ms)
  ✔ U1.family-alias-reference (0.948875ms)
  ✔ U1.family-alias-declarationName (1.126ms)
✔ all role families require their own admitted measurement support (66.822083ms)
▶ call capability uses measured callee OR invocation, never neither
  ✔ callee-only (1.115375ms)
  ✔ invocation-only (1.724583ms)
  ✔ neither (0.593583ms)
✔ call capability uses measured callee OR invocation, never neither (68.379125ms)
▶ captured zero-fact complete tuple remains distinct from later omitted coverage
  ✔ U1.zero-fact-captured-tuple-not-requested-r2 (0.195542ms)
✔ captured zero-fact complete tuple remains distinct from later omitted coverage (56.712834ms)
▶ both semantic producers retain historical r1 proofs despite failed r2 refresh
  ✔ U1.historical-two-not-r2 (0.190459ms)
  ✔ U1.historical-one-not-r2 (0.080875ms)
✔ both semantic producers retain historical r1 proofs despite failed r2 refresh (33.416958ms)
▶ selected unsupported request and missing supported observation are distinct valid partial states
  ✔ U1.partial-unsupported-request-not-complete (1.078375ms)
  ✔ U1.partial-missing-observation-not-complete (1.522667ms)
✔ selected unsupported request and missing supported observation are distinct valid partial states (35.532375ms)
▶ requested, supported and observed role sets reject ordering, repetition, applicability and subset violations
  ✔ U1.role-set-requested-order (1.183542ms)
  ✔ U1.role-set-requested-duplicate (1.841833ms)
  ✔ U1.role-set-supported-order (0.984291ms)
  ✔ U1.role-set-supported-duplicate (1.131625ms)
  ✔ U1.role-set-observed-order (0.995417ms)
  ✔ U1.role-set-observed-duplicate (1.208584ms)
  ✔ U1.role-set-observed-not-requested (0.935ms)
  ✔ U1.role-set-observed-not-supported (1.14925ms)
✔ requested, supported and observed role sets reject ordering, repetition, applicability and subset violations (44.317042ms)
▶ required identity fields are independently rejected as format omissions
  ✔ U1.shape-comparison-sourceSetId (0.885417ms)
  ✔ U1.shape-comparison-revisionId (0.799291ms)
  ✔ U1.shape-comparison-producers (1.04475ms)
  ✔ U1.shape-producer-id (1.398458ms)
  ✔ U1.shape-producer-kind (0.717375ms)
  ✔ U1.shape-producer-version (0.747834ms)
  ✔ U1.shape-producer-executableHash (0.850792ms)
  ✔ U1.shape-producer-languages (0.802416ms)
  ✔ U1.shape-producer-positionEncoding (0.79575ms)
  ✔ U1.shape-source-set-id (1.001958ms)
  ✔ U1.shape-source-set-rootId (0.783333ms)
  ✔ U1.shape-source-set-languages (0.7145ms)
  ✔ U1.shape-source-set-dependencies (0.661625ms)
  ✔ U1.shape-revision-id (0.605ms)
  ✔ U1.shape-revision-sourceSetId (1.02075ms)
  ✔ U1.shape-revision-documents (0.781583ms)
  ✔ U1.shape-revision-toolchainHash (0.798375ms)
  ✔ U1.shape-revision-configHash (0.759ms)
  ✔ U1.shape-revision-dependencyHash (0.71375ms)
  ✔ U1.shape-document-key (0.732458ms)
  ✔ U1.shape-document-revisionId (1.195167ms)
  ✔ U1.shape-document-contentHash (0.776458ms)
  ✔ U1.shape-document-byteLength (0.785375ms)
✔ required identity fields are independently rejected as format omissions (61.083084ms)
▶ semantic facts require selected coverage; valid historical proofs stay on their r1 tuple
  ✔ U1.fact-two-unselected (1.780958ms)
  ✔ U1.fact-one-unselected (2.173834ms)
✔ semantic facts require selected coverage; valid historical proofs stay on their r1 tuple (108.035833ms)
▶ Java alias is inapplicable in requested, supported and observed role sets
  ✔ U1.java-requested-alias (3.228625ms)
  ✔ U1.java-supported-alias (3.568459ms)
  ✔ U1.java-observed-alias (1.810042ms)
✔ Java alias is inapplicable in requested, supported and observed role sets (398.046167ms)
▶ semantic proof envelope, lookup keys and capture descriptors bind to admitted bytes
  ✔ U1.basis-proof-id (1.512917ms)
  ✔ U1.basis-proof-document (1.217333ms)
  ✔ U1.basis-proof-content-hash (1.569ms)
  ✔ U1.basis-proof-evidence-kind (1.227667ms)
  ✔ U1.basis-lookup-duplicate (1.024583ms)
  ✔ U1.basis-lookup-identity (0.873417ms)
  ✔ U1.capture-executable-1-digest (1.181834ms)
  ✔ U1.capture-artifact-one-digest (1.1685ms)
  ✔ U1.capture-toolchain-digest (0.803708ms)
  ✔ U1.capture-config-digest (0.784167ms)
  ✔ U1.capture-dependency-digest (1.203583ms)
✔ semantic proof envelope, lookup keys and capture descriptors bind to admitted bytes (214.842208ms)
▶ v1 staleTarget: cross-revision targets are rejected, same-revision targets are never stale, others are null
  ✔ U1.target-same-revision-true-bit-base (0.180125ms)
  ✔ U1.target-same-revision-true-bit-changed (0.123ms)
  ✔ U1.target-external-null (0.101625ms)
  ✔ U1.target-no-target-null (0.044208ms)
✔ v1 staleTarget: cross-revision targets are rejected, same-revision targets are never stale, others are null (88.663875ms)
▶ both producer uses reject absent tuples, wrong proofs and cross-revision attachment
  ✔ U1.use-two-absent-tuple (0.131667ms)
  ✔ U1.use-two-wrong-tuple (0.058292ms)
  ✔ U1.use-two-missing-proof (0.168375ms)
  ✔ U1.use-two-wrong-producer-proof (0.068542ms)
  ✔ U1.use-two-cross-revision-proof (0.054042ms)
  ✔ U1.use-one-absent-tuple (0.041417ms)
  ✔ U1.use-one-wrong-tuple (0.041458ms)
  ✔ U1.use-one-missing-proof (0.038708ms)
  ✔ U1.use-one-wrong-producer-proof (0.041667ms)
  ✔ U1.use-one-cross-revision-proof (0.037084ms)
✔ both producer uses reject absent tuples, wrong proofs and cross-revision attachment (44.089542ms)
▶ native proof uses authenticated freshness seam for fresh, stale and possiblyStale
  ✔ U1.native-fresh-false-fresh (2.058208ms)
  ✔ U1.native-stale-false-fresh (2.162709ms)
  ✔ U1.native-possiblyStale-false-fresh (2.011458ms)
✔ native proof uses authenticated freshness seam for fresh, stale and possiblyStale (122.786ms)
▶ admitted changed and missing selected bytes outrank same-byte component drift
  ✔ U1.freshness-changed-bytes-complete-stale (1.370417ms)
  ✔ U1.freshness-missing-bytes-complete-stale (1.744292ms)
  ✔ U1.freshness-partial-fresh-not-possibly-stale (2.292958ms)
✔ admitted changed and missing selected bytes outrank same-byte component drift (122.072083ms)
▶ authenticated component comparison isolates each same-byte request change
  ✔ revisionId-changed (0.247208ms)
  ✔ revisionId-unavailable (0.050375ms)
  ✔ sourceManifestHash-changed (0.124208ms)
  ✔ sourceManifestHash-unavailable (0.057208ms)
  ✔ toolchainHash-changed (0.095167ms)
  ✔ toolchainHash-unavailable (0.047833ms)
  ✔ configHash-changed (0.071959ms)
  ✔ configHash-unavailable (0.045083ms)
  ✔ dependencyHash-changed (0.076208ms)
  ✔ dependencyHash-unavailable (0.060791ms)
  ✔ sourceSetId-changed (0.075958ms)
  ✔ sourceSetId-unavailable (0.051417ms)
  ✔ producerId-changed (0.0705ms)
  ✔ producerId-unavailable (0.0495ms)
  ✔ producerKind-changed (0.079875ms)
  ✔ producerKind-unavailable (0.055625ms)
  ✔ producerVersion-changed (0.075125ms)
  ✔ producerVersion-unavailable (0.050333ms)
  ✔ producerHash-changed (0.070667ms)
  ✔ producerHash-unavailable (0.049333ms)
  ✔ language-changed (0.094292ms)
  ✔ language-unavailable (0.059125ms)
  ✔ positionEncoding-changed (0.145291ms)
  ✔ positionEncoding-unavailable (0.0795ms)
  ✔ producerLanguages-changed (0.130584ms)
  ✔ producerLanguages-unavailable (0.06275ms)
✔ authenticated component comparison isolates each same-byte request change (797.03725ms)
✔ integrated admitted r1/r2 snapshots with two source sets preserve independent coverage and proofs (111.613334ms)
✔ admitted source bytes produce exact/unmatched/unsupported joins for all four families (382.107041ms)
✔ per-fact installed identity, source proof, native refs, and diagnostic-only mapping (316.938375ms)
✔ native controls overlap invocations but cannot join any family (64.599292ms)
✔ real emoji prefix maps UTF-8, UTF-16 and scalar positions to the same native byte span (68.623583ms)
✔ bad byte/scalar boundaries and tuple, family, owner, support facts (912.524833ms)
✔ alternate admitted source tuples, native support and candidate inventory boundaries (756.383375ms)
✔ reference site, roles and measured identity require independently admitted source (815.830916ms)
✔ valid external, ambiguous semantic resolution, unresolved and target cardinality (225.843416ms)
✔ two distinct measured declaration identities at the same owner and anchor are ambiguous, not installed (24.566958ms)
✔ contradictory exact reference targets retain both proofs and reject forged first-wins (27.10175ms)
✔ identical repeated facts keep distinct proof contributors; conflicting facts reject (279.103459ms)
✔ exact Reference membership and fact-linked diagnostic are closed (332.623458ms)
✔ diagnostics derive candidate and support state, never install unmatched reference (507.33525ms)
✔ captured-but-unselected semantic producer cannot use valid proof, including unmatched joins (78.148583ms)
✔ independent measured source baseline, ownership, candidates, and native proof inventory (5.454666ms)
✔ measured Java ordinary functions reject even with independent byte witnesses (0.654ms)
✔ admitted fixture/capture bytes independently match measured source projection (38.759416ms)
✔ MEASUREMENT.WITNESS.spelling (54.123208ms)
✔ MEASUREMENT.WITNESS.header (49.911958ms)
✔ MEASUREMENT.WITNESS.extra (51.083167ms)
✔ MEASUREMENT.ENCODING.witness (62.502459ms)
✔ MEASUREMENT.RANGE.outside (85.41825ms)
✔ MEASUREMENT.RANGE.reversed (63.613542ms)
✔ MEASUREMENT.OWNER.cross (34.410334ms)
✔ MEASUREMENT.REGION.missing (35.878667ms)
✔ RECORDS.MEMBERSHIP.call (34.47575ms)
✔ RECORDS.MEMBERSHIP.id (35.35075ms)
✔ ID.ORDINAL.call (38.796375ms)
✔ native diagnostic ID and nullable callee spelling never change measured identity (2.249375ms)
✔ 64 independent vector descriptor encodings, full domain hashes and literal anchors (5.736042ms)
✔ UTF-8, UTF-16 and scalar positions convert independently from actual source bytes (59.845292ms)
✔ utf8 split-scalar position is invalidRange (0.49875ms)
✔ utf16 split-scalar position is invalidRange (0.187542ms)
✔ measured java lexical spelling \u0074arget (20.68875ms)
✔ measured java lexical spelling target (21.645667ms)
✔ measured javascript lexical spelling \u{74}arget (33.805916ms)
✔ measured rust lexical spelling r#café (27.899708ms)
✔ measured rust lexical spelling café (17.29525ms)
✔ measured rust lexical spelling café (16.494709ms)
✔ measured python lexical spelling ｆｏｏ (19.684083ms)
✔ measured python lexical spelling foo (18.130208ms)
✔ Java method projection and non-Java signature exclusion (0.934125ms)
✔ every non-null header leaf needs an exact independent witness (2.899083ms)
✔ nested source owners and ancestor descriptors, not IDs (72.074292ms)
✔ control containment, parent order and region membership are source-derived (3.291458ms)
✔ declared sibling ordinal comes from numeric source order, never adapter order (1.500333ms)
✔ identical bytes keep syntax and occurrence IDs across revisions; records and proof freshness stay revision-scoped (1.618166ms)
✔ admitted body-only revision preserves syntax IDs and changes occurrence IDs (20.577375ms)
✔ document module owns top-level measured calls; only empty module may have an empty range (0.671875ms)
✔ Java method and constructor signatures have distinct real source leaves (191.768709ms)
✔ source witness changed, wrong encoding, absent null-callee spelling, and empty occurrences reject precisely (1.256ms)
✔ changed selected bytes mark historical native proofs stale, even with matching declarations (0.696584ms)
✔ reference measurement alone never fabricates a Call or normalized Reference (21.223542ms)
✔ equal-span module is a required immediate parent, without joining child ancestry (45.420125ms)
✔ a controlled digest collision rejects full descriptors before map insertion (2.302959ms)
✔ measured IDs require the full lowercase digest before truncation (0.92725ms)
✔ two source calls and two controls use independent ASCII-id storage order (62.928458ms)
✔ admitted relocation changes ancestor syntax and descendant occurrence identities (423.79775ms)
✔ admitted inserted call and control shift real source ordinals and IDs (254.38925ms)
✔ source rename, document path, container, and ordinal shifts cannot retain stale stable IDs (3.548375ms)
✔ admitted control cycles, invalid regions, and duplicate occurrences reject precisely (150.446334ms)
✔ ID.SOURCE.rename (45.065083ms)
✔ ID.SOURCE.path (32.454375ms)
✔ ID.SOURCE.container (29.877375ms)
✔ ID.ORDINAL.source-call (67.755458ms)
✔ MEASUREMENT.CONTROL.cycle (46.822417ms)
✔ MEASUREMENT.REGION.noncontaining (42.965583ms)
✔ MEASUREMENT.REGION.adapter-order (78.9945ms)
✔ ID.ORDINAL.reference (43.81325ms)
✔ ID.ORDINAL.control (32.051167ms)
✔ RECORDS.ORDER.calls (35.8095ms)
✔ RECORDS.ORDER.controls (37.472708ms)
✔ MEASUREMENT.OWNER.document.parent (35.776833ms)
✔ MEASUREMENT.OWNER.document.call (54.453459ms)
✔ MEASUREMENT.OWNER.document.control (43.569416ms)
✔ MEASUREMENT.OWNER.document.reference (85.3445ms)
✔ MEASUREMENT.CONTROL.document.parent (92.51475ms)
✔ MEASUREMENT.REGION.document.chain (52.787667ms)
✔ MEASUREMENT.OWNER.sourceSet.parent (43.332083ms)
✔ MEASUREMENT.OWNER.sourceSet.call (56.934292ms)
✔ MEASUREMENT.OWNER.sourceSet.control (45.394208ms)
✔ MEASUREMENT.OWNER.sourceSet.reference (43.145834ms)
✔ MEASUREMENT.CONTROL.sourceSet.parent (46.997ms)
✔ MEASUREMENT.REGION.sourceSet.chain (39.395ms)
✔ MEASUREMENT.OWNER.revision.parent (91.561958ms)
✔ MEASUREMENT.OWNER.revision.call (50.007208ms)
✔ MEASUREMENT.OWNER.revision.control (36.253375ms)
✔ MEASUREMENT.OWNER.revision.reference (34.17775ms)
✔ MEASUREMENT.CONTROL.revision.parent (36.052625ms)
✔ MEASUREMENT.REGION.revision.chain (46.081958ms)
✔ MEASUREMENT.OWNER.cross-revision (49.418083ms)
✔ MEASUREMENT.CONTROL.cross-revision (36.862ms)
✔ MEASUREMENT.REGION.cross-revision (41.240917ms)
✔ MEASUREMENT.REGION.cross-owner (36.129334ms)
✔ MEASUREMENT.CONTROL.cross-owner (33.602416ms)
✔ captured extends, implements and overrides; explicit external targets and exact declaration-name binding (113.722666ms)
✔ SYMBOL.FACT (66.247416ms)
✔ SYMBOL.SCOPE (53.184667ms)
✔ SYMBOL.FACT.key (100.929542ms)
✔ SYMBOL.TARGET.sourceSet (64.11275ms)
✔ SYMBOL.TARGET.duplicate (48.9785ms)
✔ SYMBOL.TARGET (48.388875ms)
✔ DECLARATION_BINDING.JOIN (62.364667ms)
✔ DECLARATION_BINDING.JOIN.symbols (62.194792ms)
✔ DECLARATION_BINDING.JOIN.family (72.035583ms)
✔ DECLARATION_BINDING.JOIN.tuple (55.111458ms)
✔ DECLARATION_BINDING.PROOF (49.596833ms)
✔ RELATIONSHIP.KIND (51.32875ms)
✔ RELATIONSHIP.SOURCE (63.14025ms)
✔ RELATIONSHIP.TARGET (89.679708ms)
✔ RELATIONSHIP.PROOF (46.940542ms)
✔ RELATIONSHIP.TARGET.document (46.1875ms)
✔ RELATIONSHIP.TARGET.sourceSet (48.15875ms)
✔ RELATIONSHIP.TARGET.revision.output (57.007792ms)
✔ RECORDS.MEMBERSHIP.missing (398.812ms)
✔ RECORDS.MEMBERSHIP.extra (298.723458ms)
✔ RECORDS.MEMBERSHIP.duplicate (110.010583ms)
✔ RECORDS.ORDER (70.506625ms)
✔ unlocated symbol and non-exact declaration-name diagnostic do not install a declaration (134.822166ms)
✔ source inheritance alone never creates an uncaptured relationship (60.67175ms)
✔ explicit external relationship target and document-scoped key remain source facts (30.46975ms)
✔ Java mixed bases take each relationship kind from its captured proof (36.254208ms)
✔ semantic kind comes from captured proof, not Java heritage spelling (23.041209ms)
✔ Java override marker and literal parameter spelling do not control semantic proof (132.360167ms)
✔ opaque external relationship keeps independent source provenance (22.266125ms)
✔ RELATIONSHIP.TARGET.admittedHistorical (64.03675ms)
✔ SYMBOL.TARGET.admittedHistorical (101.684125ms)
✔ DECLARATION_BINDING.JOIN.nonExactSyntaxId (42.413458ms)
✔ SYMBOL.SCOPE.raw (82.3675ms)
✔ SYMBOL.TARGET.duplicate.raw (89.227625ms)
✔ SYMBOL.FACT.conflict.raw (54.597ms)
✔ SYMBOL.TARGET.raw (42.357209ms)
✔ DECLARATION_BINDING.JOIN.raw (160.548333ms)
✔ DECLARATION_BINDING.JOIN.family.raw (42.456208ms)
✔ DECLARATION_BINDING.JOIN.tuple.raw (38.381083ms)
✔ RELATIONSHIP.SOURCE.raw (47.845834ms)
✔ RELATIONSHIP.TARGET.raw (42.336666ms)
✔ RELATIONSHIP.TARGET.revision (37.9965ms)
✔ SYMBOL.FACT.key.raw (95.418208ms)
✔ SYMBOL.FACT.display.raw (47.063417ms)
✔ RELATIONSHIP.KIND.shape.missing (52.005ms)
✔ RELATIONSHIP.KIND.shape.default (32.400459ms)
✔ RELATIONSHIP.KIND.shape.discriminator-substituted (31.911792ms)
✔ RELATIONSHIP.KIND.shape.external-source (51.426ms)
✔ SYMBOL.FACT.evidenceKind (67.962583ms)
✔ DECLARATION_BINDING.PROOF.evidenceKind (60.584833ms)
✔ RELATIONSHIP.PROOF.evidenceKind (32.587125ms)
✔ Rust source has measured supertrait and trait implementation direction (19.385583ms)
✔ Python measured parenthesized inheritance needs an explicit extends fact (58.562583ms)
✔ Rust and Python semantics do not depend on a header base projection (103.834625ms)
✔ source-backed cross-document generic inheritance has exact measured target IDs in Java, Rust and Python (74.337459ms)
✔ Java measured override crosses source documents without an optional annotation (17.424166ms)
✔ cross-file relation needs captured independent semantic proof, not syntax similarity (161.550458ms)
✔ all warnings-v1 keys use enum ordering, stale aggregation and shared-edge dedup (0.828125ms)
✔ unselected omitted, limits and boundary do not imply coverage warning; syntax-only is exact (0.389416ms)
▶ warning negatives run exact checker controls
  ✔ WARNING.missing (0.306583ms)
  ✔ WARNING.extra (0.163084ms)
  ✔ WARNING.duplicate (0.116792ms)
  ✔ WARNING.order (0.154958ms)
  ✔ WARNING.shape (0.118875ms)
  ✔ WARNING.foreignBindingProof (0.102042ms)
  ✔ WARNING.selectedOnly (0.108208ms)
✔ warning negatives run exact checker controls (1.606084ms)
ℹ tests 858
ℹ suites 0
ℹ pass 858
ℹ fail 0
ℹ cancelled 0
ℹ skipped 0
ℹ todo 0
ℹ duration_ms 31883.164334
Checking fixture /Users/jcarreira/projects/odin/baleyg-67-pre-main-integration/tests/fixtures/semantic-evidence/v1/example
Checked 1 discovered fixture(s)
==> verify lane cohorts (exit 0)
✔ all generated source parses with pinned grammars and meets source-derived composition (19864.904417ms)
✔ CLI demands a fresh explicit destination (85.09625ms)
✔ two cohorts match pinned bytes, hashes, inventory and exact per-language totals (7349.711875ms)
ℹ tests 3
ℹ suites 0
ℹ pass 3
ℹ fail 0
ℹ cancelled 0
ℹ skipped 0
ℹ todo 0
ℹ duration_ms 27339.627625
==> verify lane checks (exit 0)
✔ offline ACP handshake selects sonnet and uses no tools or capabilities (1.059958ms)
✔ environment is allowlisted, never inherited keys or provider config (0.093792ms)
✔ every incomplete stop and errors after text fail (0.326792ms)
✔ missing auth and unavailable or mismatched model prevent prompt (0.136292ms)
✔ auth/model changes, permission requests, tool use and nontext invalidate output (0.151417ms)
✔ strict JSON schema rejects fences, prose, partial and foreign answers (0.198208ms)
✔ bounded input and answer collection (2.733709ms)
✔ usage cost is finite USD estimate only (0.074584ms)
✔ CLI invalid input emits no success and redacts secret-bearing errors (80.098792ms)
✔ cleanup kills offline fake adapter and descendant without a separate group (48.010292ms)
✔ private failure record is bounded even after escaping and never copies provider errors (1.525083ms)
✔ raw subscription plan normalizes only known optional Claude prefix (0.191041ms)
✔ auth waits for notification, times out boundedly, and rejects known non-account (0.929958ms)
✔ runSession does not prompt until delayed subscription notification arrives (0.500791ms)
✔ first collector invalidation category survives later invalid events (0.117292ms)
✔ SDK diagnostics map only exact known templates and enum values (0.111917ms)
✔ known inference 401 is authentication failure even with account status (0.130875ms)
✔ revoked OAuth inference credential has a fixed safe category and no retry (0.087041ms)
✔ observed authentication prefix is classified without exposing provider text (0.062792ms)
ℹ tests 19
ℹ suites 0
ℹ pass 19
ℹ fail 0
ℹ cancelled 0
ℹ skipped 0
ℹ todo 0
ℹ duration_ms 232.336792
✔ factory config uses the closed supported schema (0.786042ms)
✔ resolver accepts only canonical Baleyg issue references (185.255458ms)
✔ recognized issue lookup failures remain failures (67.687125ms)
✔ verify is one executable command and retains all checks (382.365125ms)
ℹ tests 4
ℹ suites 0
ℹ pass 4
ℹ fail 0
ℹ cancelled 0
ℹ skipped 0
ℹ todo 0
ℹ duration_ms 672.662167
(node:59327) ExperimentalWarning: SQLite is an experimental feature and might change at any time
(Use `node --trace-warnings ...` to show where the warning was created)
✔ real browser view save, edit, stale replay, orphan, and legacy safety (19609.925542ms)
✔ real browser note save, edit, stale replay, orphan, and legacy safety (4334.890542ms)
ℹ tests 2
ℹ suites 0
ℹ pass 2
ℹ fail 0
ℹ cancelled 0
ℹ skipped 0
ℹ todo 0
ℹ duration_ms 26951.64975
policy/cohort/hardware validation passed; not benchmark qualification
✔ file tree expands methods inline, backend flags filter conservatively, pagination and local path filter (4.241875ms)
✔ obsolete diagram success cannot overwrite newer selection (1.709042ms)
✔ obsolete diagram http cannot overwrite newer selection (0.673417ms)
✔ obsolete diagram network cannot overwrite newer selection (0.57675ms)
✔ obsolete diagram json cannot overwrite newer selection (0.5395ms)
✔ file close and reopen invalidates old method failures (0.768833ms)
✔ obsolete catalog success after clearBrowse() is ignored (0.646459ms)
✔ obsolete catalog success after status={revision:{indexGeneration:'12345678-1234-4123-8123-123456789abc',indexRevision:2}} is ignored (0.555625ms)
✔ obsolete catalog success after $('logout').listeners.click() is ignored (1.218042ms)
✔ sequence selection sends no query or provider calls; Show all steps is explicit (1.299333ms)
✔ native SVG preserves nested branch loop try, safe labels, unknown lifelines and keyboard source (1.446542ms)
✔ current sequence errors replace loading state and mismatch never paints (1.4835ms)
✔ folders show files without a search and keep explicit collapse through rerenders (0.478ms)
✔ filter auto-open and detached native toggle events cannot change folder preference (0.406375ms)
✔ same-revision refresh retains paginated files, open methods, collapsed folders and selection (0.41675ms)
✔ obsolete catalog success cannot overwrite newer refresh (0.415916ms)
✔ obsolete catalog failure cannot overwrite newer refresh (0.379625ms)
✔ empty paths explain indexing and unmatched filter explains loaded-only scope (0.292292ms)
✔ catalog errors have an explicit retry and successful retry clears it (0.361334ms)
✔ reveal selected method clears filter and reopens its folder and file (0.3745ms)
✔ cwd root renders files without a filter and expands folders lazily (0.812042ms)
✔ one compact row lazily follows an exact sole-directory chain and exposes its full path (0.871625ms)
✔ compact rows never cross branches, files, pagination, truncation, errors, or loading states (0.432ms)
✔ collapsing a compact expansion while its request is pending does not reopen it (0.471875ms)
✔ retrying a failed compact endpoint resumes the same anchor through its descendants (0.690625ms)
✔ same-revision refresh resumes an open anchor whose branch becomes a sole-directory chain (1.038916ms)
✔ stale compact expansion cannot continue into another session request (0.525459ms)
✔ Reveal method reopens all known ancestors of a compact row (0.423125ms)
✔ compact directory rendering and expansion stop at the depth bound (0.58125ms)
✔ nonindexed files and symlinks expose metadata without clickable source or methods (0.391042ms)
✔ indexed tree file uses indexedPath rather than cwd path for inline methods (8.400417ms)
✔ folder response cannot reopen a folder closed while loading (0.720791ms)
✔ old folder success cannot replace newer refresh (0.594125ms)
✔ old folder error cannot replace newer refresh (0.4805ms)
✔ folder pagination and refresh retain loaded pages and collapse state (0.634291ms)
✔ folder failure offers retry and no matches explains unloaded folders (0.432417ms)
✔ filter reveals loaded descendants without changing collapsed folder preference (0.616042ms)
✔ cwd tree ignores pending response after clearBrowse() (0.459875ms)
✔ cwd tree ignores pending response after status={revision:{indexGeneration:'12345678-1234-4123-8123-123456789abc',indexRevision:2}} (0.374292ms)
✔ cwd tree ignores pending response after $('logout').listeners.click() (0.386708ms)
✔ successful reconnect clears an earlier authentication error (1.542917ms)
✔ file browser puts optional controls behind collapsed details and reserves mobile tree space (0.483625ms)
✔ server unindexed reasons are plain text, legacy reasons remain, and indexed files ignore reasons (0.633375ms)
✔ index scope mismatch stays in primary roots and action label, same root adds no warning (0.598417ms)
✔ workspace change invalidates selections and source even when revision stays equal (0.956417ms)
✔ class context actions use cached file/method identity and never fetch source automatically (0.764625ms)
✔ obsolete class context actions cannot cross revision or session changes (0.453708ms)
✔ class controller uses authenticated API and clears pending source on navigation (0.53125ms)
✔ unsupported class languages keep their ordinary file and method interactions (0.358541ms)
✔ source navigation attaches without lookup and follows source serial and dock visibility (0.649125ms)
✔ class member navigation forwards exact selectors and scope without fetching automatically (0.405584ms)
✔ clearing stale source closes the empty dock after navigation (0.370542ms)
✔ navigation source action forwards measured range and snapshot without selecting a sequence (0.590583ms)
✔ same numeric revision with new generation clears browse and source state (0.627417ms)
✔ late catalog with reused numeric revision cannot paint the new generation (0.49325ms)
✔ non-revision 409 preserves the loaded tree and reports its exact error (0.746125ms)
✔ revision_conflict reloads the complete new pair after clearing browse (2.384167ms)
✔ view saved response normalization fails closed for legacy and malformed metadata (0.929583ms)
✔ note saved response normalization fails closed for legacy and malformed metadata (0.521208ms)
✔ attached view and note Load send one immutable full-pin query for the original target (0.769667ms)
✔ view stale replay race keeps copied P and never retries at Q (1.16025ms)
✔ note stale replay race keeps copied P and never retries at Q (0.9745ms)
✔ view edit uses original identity, strips server metadata, and preserves a 409 draft (2.460375ms)
✔ note edit uses original identity, strips server metadata, and preserves a 409 draft (1.292ms)
✔ saved list requests share one copied pin and a racing P batch cannot paint after Q (0.753166ms)
✔ same-workspace conflict refresh keeps persisted views and notes while invalidating Load (1.252ms)
✔ producer and browse boundaries use complete pairs and reject reused revision responses (5.440959ms)
✔ unchanged status does not permanently suppress a later unexpected generation (0.979959ms)
✔ tree mismatch discovered during status reconciliation gets one bounded follow-up (0.869667ms)
✔ late source generation mismatch clears every derived panel before status resolves (0.655666ms)
✔ branch expansion rejects a new generation before rendering the branch (0.80925ms)
✔ later tree page cannot mix equal numeric revisions from distinct generations (0.718541ms)
✔ same-workspace automatic pair refresh retains list/save/delete payloads for views and notes (1.571458ms)
✔ request handlers reject bare numeric pins without sending a request (0.621375ms)
✔ old target IDs never enable follow-up graph queries (0.494084ms)
✔ failed status reconciliation allows the next unexpected pair to retry (1.820375ms)
✔ new terminal DTO keeps measured call source without candidate traversal (0.455041ms)
✔ saved callback setting never reaches an old query endpoint (0.395375ms)
✔ missing or malformed call-site range stays non-actionable on an old DTO (0.350167ms)
✔ root and call source actions reject missing, empty, inverted and noninteger witnessed ranges (0.388125ms)
✔ init is inert; global search and file open only read catalog/diagram (3.545792ms)
✔ old extends class relation remains terminal (1) (0.998666ms)
✔ source is explicit and method click passes a measured symbol ID (0.802333ms)
✔ old extends relation exposes no guessed chooser (1) (0.970167ms)
✔ old implements class relation remains terminal (2) (0.899542ms)
✔ menu keyboard navigation skips disabled items, clamps viewport, and restores focus (1.40225ms)
✔ visible touch menu and ContextMenu key work; scroll dismisses (0.759458ms)
✔ stale open responses, revision responses and old actions do not affect new view (0.770708ms)
✔ reset invalidates pending lookup and source callbacks; session guards reject late failures (0.597125ms)
✔ loading a new view invalidates keyboard member/source callbacks in old diagram (0.727041ms)
✔ unsupported, unindexed, empty, partial and error states are explicit (0.787167ms)
✔ old field class relation remains terminal (3) (0.649292ms)
✔ public context menu actions share guards and return focus to root anchors (0.402333ms)
✔ large warning sets stay collapsed and bounded outside the diagram status (0.806875ms)
✔ old implements relation exposes no guessed chooser (2) (1.125625ms)
✔ failed lookup restores visible diagram actions after superseding a pending diagram refresh (0.568083ms)
✔ class search keeps its prior diagram and controls through storage_busy, then clears on revision_conflict (0.481792ms)
✔ old field relation exposes no guessed chooser (3) (0.386ms)
✔ old extends relation exposes no guessed chooser (4) (0.367917ms)
✔ card headings use short names and retain accessible qualified identities (0.377291ms)
✔ file context menus preserve the existing inline-expansion aria state (0.259625ms)
✔ queued pre-menu scroll is ignored but actual subsequent scrolling dismisses (0.266667ms)
✔ members reveal is reversible and preserves measured source/method actions without requests (1.662416ms)
✔ old extends class relation remains terminal (4) (0.654917ms)
✔ old implements class relation remains terminal (5) (0.58075ms)
✔ search results collapse after selection and Change class restores them without another request (0.532417ms)
✔ old implements relation exposes no guessed chooser (5) (0.426708ms)
✔ old field relation exposes no guessed chooser (6) (0.414709ms)
✔ old association class relation remains terminal (6) (0.760334ms)
✔ old extends relation exposes no guessed chooser (7) (0.44925ms)
✔ late search pagination cannot replace a selected diagram status or notices (0.544209ms)
✔ choosing a class moves focus from hidden search results to its focus card (0.432834ms)
✔ authentication failure 401 clears measured class state and old actions (0.419709ms)
✔ authentication failure 403 clears measured class state and old actions (0.39225ms)
✔ old extends relation exposes no guessed chooser (10) (0.409416ms)
✔ old implements relation exposes no guessed chooser (11) (0.428417ms)
✔ old field relation exposes no guessed chooser (12) (0.412083ms)
✔ old extends class relation remains terminal (7) (0.561208ms)
✔ old implements class relation remains terminal (8) (1.542208ms)
✔ old extends class relation remains terminal (9) (0.636834ms)
✔ old field class relation remains terminal (10) (0.577542ms)
✔ old extends class relation remains terminal (11) (0.693875ms)
✔ old extends relation exposes no guessed chooser (13) (0.438708ms)
✔ old implements class relation remains terminal (12) (0.60925ms)
✔ old extends class relation remains terminal (13) (0.600375ms)
✔ old field class relation remains terminal (14) (0.537875ms)
✔ member navigation is optional; method name stays direct and type text is inert without a hook (0.937667ms)
✔ opening, revealing and refolding members never fetches navigation or source (2.116ms)
✔ type hint and member menu pass only exact recorded owner/name/byte selectors, including overloads (0.668459ms)
✔ member right-click, keyboard and visible touch action stop bubbling into class actions (0.522458ms)
✔ shared member menu preserves focus and safe labels without nested buttons (0.543ms)
✔ member scope rejects stale session and old triggers (0.368208ms)
✔ member scope rejects stale revision and old triggers (0.55525ms)
✔ member scope rejects stale reset and old triggers (0.566834ms)
✔ member scope rejects stale hidden and old triggers (0.451625ms)
✔ member scope rejects stale fold and old triggers (0.501875ms)
✔ member scope rejects stale rerender and old triggers (0.579625ms)
✔ member scope rejects stale new diagram and old triggers (0.478083ms)
✔ member scope rejects stale pending diagram and old triggers (0.56275ms)
✔ recoverable requests cannot revive a captured navigation ticket; fresh member intents can retry (0.581083ms)
✔ delayed shared navigation work cannot publish or act after panel changes (0.508209ms)
✔ shared menu reports replacement, action and dismissal once and preserves action focus order (0.502625ms)
✔ shared menu clears lifecycle callback before reentrant close and ignores retained menu actions (0.344541ms)
✔ shared menu focus dismissal notifies its owner (0.373708ms)
✔ shared menu escape dismissal notifies its owner (0.310083ms)
✔ shared menu outside dismissal notifies its owner (0.278916ms)
✔ shared menu scroll dismissal notifies its owner (0.300791ms)
✔ shared menu reset dismissal notifies its owner (0.493792ms)
✔ actual shared navigation never reopens after focus dismissal (1.461ms)
✔ actual shared navigation never reopens after focus dismissal and newer class menu (1.745167ms)
✔ shared navigation does not select an inferred class relation or call (1.127041ms)
✔ actual navigation reset closes its menu but cannot close a replacement class menu (0.874625ms)
✔ class results cannot cross generation with the same revision (0.364458ms)
✔ class search, page, diagram, and expansion reject a reused revision and ask for status refresh (1.293542ms)
✔ future class DTO without edge collection still selects a measured declaration (0.332ms)
✔ terminal class list keeps the 24-declaration cap without relation expansion (1.329541ms)
✔ stale terminal class response cannot replace a newer selected declaration (0.496125ms)
✔ automatic workspace status refresh requests only catalog metadata; optional failures do not block (6.296708ms)
✔ package, paged declaration filter, and explicit source browsing preserve the primary workspace (5.536708ms)
✔ loading status remains honest with manual refresh and no background polling (0.593125ms)
✔ failed status remains honest with manual refresh and no background polling (0.430667ms)
✔ disabled status remains honest with manual refresh and no background polling (0.399083ms)
✔ empty catalog and missing package declarations show source and index limitations (0.541792ms)
✔ obsolete success source cannot overwrite newer library source or workspace (2.250625ms)
✔ obsolete http source cannot overwrite newer library source or workspace (1.13575ms)
✔ obsolete network source cannot overwrite newer library source or workspace (1.146792ms)
✔ obsolete json source cannot overwrite newer library source or workspace (1.22625ms)
✔ late catalog and source ignored after clearDependencyCatalog() (0.999834ms)
✔ late catalog and source ignored after status={revision:{indexGeneration:'12345678-1234-4123-8123-123456789abc',indexRevision:2}} (0.903542ms)
✔ late catalog and source ignored after status={revision:{indexGeneration:'12345678-1234-4123-8123-123456789abc',indexRevision:1},workspaceRoot:'new'} (2.483834ms)
✔ late catalog and source ignored after $('logout').listeners.click() (0.994334ms)
✔ changed catalog clears source and rejects obsolete symbol responses (0.931917ms)
✔ newer catalog status wins over obsolete failures (0.468458ms)
✔ source conflicts remain local and require status refresh; no implicit request (0.752583ms)
✔ mismatched declaration/source provenance never paints (2.519708ms)
✔ package changes and manual file clicks supersede pending catalog source (1.265792ms)
✔ UI keeps catalog visible and manual roots collapsed; flags do not claim semantic resolution (0.243542ms)
✔ connect and completed workspace index automatically refresh metadata, never source (3.980792ms)
✔ old package results cannot replace a new filter page (0.846125ms)
✔ catalog readiness tells an existing method selection to refresh without replacing its diagram (0.611916ms)
✔ dependency catalog with reused revision and old generation is rejected (0.610417ms)
✔ library status and definition pages reject reused numeric revisions, clear stale panels, and refresh status (3.46875ms)
✔ late external-source catalog response cannot paint after same-number new-generation refresh (0.783375ms)
✔ queued indexing can stop local waiting without cancelling the durable request (0.408208ms)
✔ collapsed panel loads nothing until explicit action; metadata browsing is lazy and independent (4.125333ms)
✔ empty configuration is honest and creates no browsing controls (0.972208ms)
✔ obsolete file success cannot replace newer candidate or invalidate workspace (0.618667ms)
✔ obsolete file http cannot replace newer candidate or invalidate workspace (0.561416ms)
✔ obsolete file network cannot replace newer candidate or invalidate workspace (0.644167ms)
✔ obsolete file json cannot replace newer candidate or invalidate workspace (0.50525ms)
✔ disconnect clears external data and ignores late loadExternalRoots() (0.682834ms)
✔ disconnect clears external data and ignores late loadExternalFile({"id":"rust","label":"rust","path":"/configured/rust/library"},'std/src/fs.rs') (0.431ms)
✔ directory paging, truncation and stale directory failures (0.646417ms)
✔ parent-qualified definitions distinguish File::open from OpenOptions::open and filter by container (0.511875ms)
✔ large candidate text bounds DOM and definition selection keeps global line numbers (55.179792ms)
✔ collapse during directory pagination can reopen and reload instead of leaving loading forever (0.717834ms)
✔ candidate source paging uses cached text, preserves selected range, and resets on new file or disconnect (4.918625ms)
✔ terminal navigation guard 1: lookup captures anchor synchronously, fetches only navigation and exposes labelled choices (1.754167ms)
✔ only exact member selectors are submitted; invalid and mixed boundaries never fetch (2.000333ms)
✔ terminal navigation guard 2: no-result, warnings, partial and requireIndex states are honest bounded text (0.535958ms)
✔ errors have explicit retry; malformed and stale responses never navigate (0.739666ms)
✔ non-revision 409 navigation reports its error without refreshing the pair (0.432916ms)
✔ revision_conflict navigation requests refresh (0.395792ms)
✔ terminal navigation guard 3: out-of-order response, reset, session, revision and scope changes suppress late results (0.416ms)
✔ terminal navigation guard 4: already-open candidate and retry callbacks recheck every scope boundary (0.440625ms)
✔ terminal navigation guard 5: Escape, Tab, outside pointerdown and Close cancel loading without resurfacing (0.430333ms)
✔ source attachment preserves rows, highlights, copy, selection and scroll without fetching (1.054166ms)
✔ keyboard moves active line at boundaries and both context shortcuts look up whole lines (0.632666ms)
✔ context menu uses clicked source row, never a guessed cursor word or gap (0.491209ms)
✔ source selection, sourceSerial predicate, reset and disposal invalidate opened and pending menus (2.696167ms)
✔ empty/invalid line numbers disable navigation; reattachment does not duplicate listeners (0.566166ms)
✔ terminal navigation guard 6: target choices are bounded, safe text and retain exact measured symbol identity (0.470208ms)
✔ scroll dismissal cancels pending lookup but queued unchanged ancestor/menu scroll does not (1.422125ms)
✔ terminal navigation guard 7: overloads sharing name and source line retain distinct measured identity labels (0.38375ms)
✔ terminal navigation guard 8: detached or replaced loading menus cannot be resurfaced by success or errors (0.305042ms)
✔ terminal navigation guard 9: shared menu lifecycle cancels focus dismissal and external replacement, but not its own results or actions (0.317375ms)
✔ reset and disposal close only the owned shared menu handle (0.403875ms)
✔ terminal navigation guard 10: measured columns distinguish same-line overloads without hiding exact symbols (0.283459ms)
✔ source toolbar remains sticky with line-reveal clearance at desktop and mobile widths (0.194ms)
✔ terminal navigation guard 11: optional source callback adds explicit dual choices without auto reading or selecting (0.294375ms)
✔ both dual-choice callbacks recheck session, revision, serial, scope and menu lifecycle (9.157458ms)
✔ dual choices obey source line, source scope, disposal and pending-response guards (3.066709ms)
✔ terminal navigation guard 12: dual target choices stay bounded at 128 target actions (0.350208ms)
✔ terminal navigation guard 13: both overload choices keep measured columns and byte/identity fallback labels (0.298583ms)
✔ terminal navigation guard 14: call choices come first with stable backend order, original symbols and bounded targets (0.286708ms)
✔ navigation discards late response when generation changes but revision repeats (0.284084ms)
✔ source and member navigation send a complete pair and refresh on reused revision (0.59ms)
✔ measured declaration opens only same-pair source; candidate call and type stay inert (0.349541ms)
✔ declaration lookup invalidates out-of-order, reset, session, pair, and scope replies (1.291667ms)
✔ source declaration overloads retain exact measured identities without guessed sequence actions (0.313708ms)
✔ declaration choices stay capped at 64 and hostile labels remain inert text (1.376917ms)
✔ dismissed loading declaration menu cannot resurface or open stale source (1.091792ms)
✔ navigation source action requires the selected path and exact line with valid bounds (0.338792ms)
✔ shared declaration menu focus dismissal and replacement suppress stale publication (0.796416ms)
✔ source declaration action rechecks session revision scope and retry before opening (2.128542ms)
✔ obsolete preview HTTP 422 cannot replace a newer focused packet (2.381542ms)
✔ obsolete import HTTP 409 cannot replace a newer focused packet (1.025708ms)
✔ obsolete export HTTP 422 cannot replace a newer focused packet (0.410583ms)
✔ obsolete branch/query HTTP 409 cannot replace a newer focused packet (0.411958ms)
✔ obsolete source HTTP 409 cannot replace a newer focused packet (0.374834ms)
✔ obsolete network rejection is silent (0.383333ms)
✔ obsolete response JSON rejection is silent (0.366292ms)
✔ a newer source selection suppresses an old source conflict without a query change (0.353208ms)
✔ current failures still display and only a current conflict invalidates focus (0.709333ms)
✔ API errors alone have no UI side effects (0.816ms)
✔ actual export Blob enforces the 176000-byte UTF-8 boundary without truncation (2.037167ms)
✔ actual export Blob enforces the 176001-byte UTF-8 boundary without truncation (1.324041ms)
✔ obsolete live Jev 200 cannot replace newer focus (0.485917ms)
✔ obsolete live Jev 409 cannot replace newer focus (0.420375ms)
✔ obsolete live Jev 429 cannot replace newer focus (0.391375ms)
✔ obsolete live Jev 502 cannot replace newer focus (0.423ms)
✔ Run Jev requires per-click confirmation and sends no source override (1.594625ms)
✔ status is local-only and disabled or exhausted providers disable Run Jev (0.500917ms)
✔ typing and preparing settings never trigger live inference (0.340708ms)
✔ ACP needs known status, separate allowance, and explicit full-source confirmation (0.870375ms)
✔ ACP status and edits never infer; disabled or exhausted status disables action (0.415458ms)
✔ answer claims, citations and caveats stay text; citation opens indexed source and highlights range (0.615875ms)
✔ ACP refuses mismatched answer provenance (0.399709ms)
✔ ACP refuses mismatched answer provenance (0.387917ms)
✔ ACP refuses mismatched answer provenance (0.375083ms)
✔ ACP refuses mismatched answer provenance (0.476666ms)
✔ obsolete ACP success cannot change newer answer or show an error (0.436125ms)
✔ obsolete ACP 409 cannot change newer answer or show an error (0.35875ms)
✔ obsolete ACP 422 cannot change newer answer or show an error (0.363084ms)
✔ obsolete ACP network cannot change newer answer or show an error (0.367625ms)
✔ obsolete ACP json cannot change newer answer or show an error (0.360417ms)
✔ answer clears on question change (0.431792ms)
✔ answer clears on packet change (0.377209ms)
✔ answer clears on revision change (0.843708ms)
✔ answer clears on session change (0.554625ms)
✔ answer sits above calls with truthful source validation and static-boundary copy (0.223083ms)
✔ API deadline bounds /api/acp/status and reports a visible timeout without retry (0.403125ms)
✔ API deadline bounds /api/questions/synthetic/acp-answer and reports a visible timeout without retry (1.064083ms)
✔ deadline also bounds stalled JSON; obsolete timeouts remain silent (0.619708ms)
✔ post-answer stalled status clears busy state, fails closed, and finishes at deadline (0.809834ms)
✔ ACP answer status preserves actionable authentication error without retry (0.646458ms)
✔ source cache never reuses a same-revision snapshot from another generation (0.6245ms)
✔ preview and live provider responses reject reused revisions and refresh authoritative status (9.950292ms)
✔ export and import refuse a stale packet before any provider request (0.922709ms)
✔ export request GET and import selection POST preserve unchanged wire payloads (1.040042ms)
✔ selection guards fail closed when the seed, question, or generation changes (1.240083ms)
✔ old authenticated status never releases cached packet or provider actions (0.378417ms)
✔ future authenticated status cannot validate an old lexical packet or stale pair (0.580584ms)
✔ old cached packet stays denied after a new safe status pair (0.320125ms)
✔ preview view with legacy lexical proof cannot unlock a structurally clean packet (0.322958ms)
✔ old preview renders only witnessed seed-owned terminal source without retaining packet (1.12025ms)
✔ future terminal preview at same authenticated pair keeps source and a clean packet (1.167916ms)
✔ terminal sequence guard 1: external participant provenance and labels remain plain text, not resolution claims (2.293958ms)
✔ terminal sequence guard 2: older participant DTOs still render without identification (0.638667ms)
✔ call groups collapse, expand by keyboard, preserve source and scroll, and reset for new views (1.952166ms)
✔ terminal sequence guard 3: collapsed chain previews the first measured arrow, hides ghost lanes and never attributes all calls to its type (0.559417ms)
✔ terminal sequence guard 4: groups without a flat, visible, targeted entry call do not fabricate arrows (0.477167ms)
✔ selection uses original steps, not source fetches, and survives keyboard group toggles without mutating DTO/options (1.232292ms)
✔ legacy source callback still works with keyboard and omitted fifth argument (0.787375ms)
✔ compact control summaries preserve every guard, alternate and exit; Show all restores full original labels (1.315334ms)
✔ terminal sequence guard 5: call provenance has distinct strokes and labels, without invented confidence, return arrows or activation bars (0.767833ms)
✔ terminal sequence guard 6: long chain entry names keep the measured arrow, collapsed count, full tooltip and original group callback (0.696125ms)
✔ terminal sequence guard 7: hidden-only lanes are omitted and visible lanes follow first measured appearance (0.626041ms)
✔ empty and fully hidden views keep only the selected method lane (0.822083ms)
✔ known guard prose becomes concise display text without merging nodes or losing original evidence (1.508666ms)
✔ control frames have clipped operator tabs and bracketed original guards with accessible source selection (1.051334ms)
✔ long nested guards wrap beside tabs and adjacent control frames do not overlap (16.180666ms)
✔ loop tabs abbreviate parser prose without inventing an iteration predicate (1.613709ms)
✔ terminal sequence guard 8: workflow-shaped sequence keeps all measured calls, analysis rows and conditional scope with full-detail restoration (0.456625ms)
✔ only the exact generated continuation guard without alternatives uses a conditional rail (1.515791ms)
✔ quiet protocol and unsupported boundaries remain individual evidence controls (0.91ms)
✔ proven name bindings and deferred definitions stay explicit without invented guards (1.261167ms)
✔ sequence SVG describes both snapshot identity fields without making a request (0.653458ms)
✔ future terminal DTO without target keeps call text and source action (0.596791ms)
✔ malformed group preview and source rows remain inert despite onSelect (0.770542ms)
✔ sequence actions recheck matched snapshot at click time (0.361167ms)
✔ tabs have roving keyboard focus and never request source or providers (2.019958ms)
✔ source dock only changes presentation and can switch/close by keyboard (0.504583ms)
✔ inspector uses safe original evidence, never claims candidate confidence (0.683209ms)
✔ group keeps first-entry target limitation, full source callback and all guard/alternate children (0.955792ms)
✔ inspector reset and disconnect erase source callback and workspace metadata (0.515708ms)
✔ responsive drawers use classes rather than hiding desktop panels (0.357083ms)
✔ app row selection inspects without fetch; explicit Open call site reads guarded snapshot (3.798667ms)
✔ app invalidates inspector callbacks after method (1.527625ms)
✔ app invalidates inspector callbacks after revision (1.043708ms)
✔ app invalidates inspector callbacks after disconnect (1.500416ms)
✔ app invalidates inspector callbacks after index (0.9325ms)
✔ captured app source callback rejects revision/session changes even without a shell reset (0.764667ms)
✔ in-flight call source cannot reopen the dock after a new method clears it (1.413541ms)
✔ successful candidate source opens the library dock without changing method or active view (0.781125ms)
✔ manual source loading/failure stays visible when source dock is closed (0.566459ms)
✔ catalog source loading/failure stays visible when source dock is closed (0.617791ms)
✔ closing a library dock restores invoking control or active tab, not disabled method source (0.335ms)
✔ inspector keeps raw evidence folded and source action before full details (0.18125ms)
✔ mobile drawers are exclusive and explicit source exposes the dock (0.342667ms)
✔ desktop source clears latent drawers before a mobile resize (0.304459ms)
✔ inspector refuses source callback for malformed ranges or missing paired snapshot (0.326666ms)
✔ saved token is loaded with opt-in checked but makes no startup request (2.88625ms)
✔ fresh browser starts with empty token and persistence off (0.545291ms)
✔ successful explicit connect persists trimmed token only with opt-in (4.708083ms)
✔ successful connect without opt-in removes existing saved token (1.417292ms)
✔ unchecking persistence immediately forgets the saved token (0.564333ms)
✔ failed 401 connect removes saved token (0.985333ms)
✔ failed 403 connect removes saved token (0.658333ms)
✔ failed 500 connect retains saved token (1.042458ms)
✔ network failure retains existing saved token and never saves the rejected replacement (0.897208ms)
✔ Disconnect removes saved token and resets token, checkbox and file selection (1.393541ms)
✔ blocked storage does not prevent startup or normal connect and reports save failure (1.261417ms)
✔ local token file trims and fills input only, with no request or persistence (0.582167ms)
✔ file accepts 512 characters and exactly 1024 bytes before trimming (0.446167ms)
✔ invalid blank file leaves token unchanged and clears file selection (0.564958ms)
✔ invalid overlong file leaves token unchanged and clears file selection (0.393708ms)
✔ invalid oversize file leaves token unchanged and clears file selection (0.948791ms)
✔ oversize file is rejected before its contents are read (0.498709ms)
✔ file read error is caught and file selection resets (0.459916ms)
✔ cancelled file selection is a no-op (0.378417ms)
✔ file rejects unsafe token text without echoing it (0.433917ms)
✔ file rejects unsafe token text without echoing it (0.430875ms)
✔ file read exceptions do not expose raw error details (0.508167ms)
✔ older file read cannot overwrite newer selection (0.417959ms)
✔ pending file read cannot restore credentials after Disconnect (0.400958ms)
ℹ tests 356
ℹ suites 0
ℹ pass 356
ℹ fail 0
ℹ cancelled 0
ℹ skipped 0
ℹ todo 0
ℹ duration_ms 118.250708
